State/UT,Constituency,Electors_Male,Electors_Female,Electors_Total,Voted_Male,Voted_Female,Voted_Total,pc_name_clean,EVM,Female_Turnout
ANDHRA PRADESH CODE : S01,Srikakulam NO : 1,474897,510335,985232,332811,343602,676413,SRIKAKULAM,0,67.32871545161512
ANDHRA PRADESH CODE : S01,Parvathipuram NO : 2,438763,472846,911609,323346,313705,637051,PARVATHIPURAM,0,66.34401052351082
ANDHRA PRADESH CODE : S01,Bobbili NO : 3,463412,486361,949773,359223,357480,716703,BOBBILI,0,73.50095916407771
ANDHRA PRADESH CODE : S01,Visakhapatnam NO : 4,719936,700670,1420606,477423,437513,914936,VISAKHAPATNAM,0,62.44209114133616
ANDHRA PRADESH CODE : S01,Bhadrachalam NO : 5,541146,544390,1085536,403100,356783,759883,BHADRACHALAM,0,65.53812524109553
ANDHRA PRADESH CODE : S01,Anakapalli NO : 6,507091,528617,1035708,385143,378936,764079,ANAKAPALLI,0,71.68441423563752
ANDHRA PRADESH CODE : S01,Kakinada NO : 7,580745,591242,1171987,432054,404031,836085,KAKINADA,0,68.33597748468479
ANDHRA PRADESH CODE : S01,Rajahmundry NO : 8,563012,574213,1137225,422656,401142,823798,RAJAHMUNDRY,0,69.85944240203548
ANDHRA PRADESH CODE : S01,Amalapuram NO : 9,449856,458401,908257,355925,329305,685230,AMALAPURAM,0,71.83775777103453
ANDHRA PRADESH CODE : S01,Narasapur NO : 10,505785,514624,1020409,375393,358233,733626,NARASAPUR,0,69.61062834224599
ANDHRA PRADESH CODE : S01,Eluru NO : 11,571703,575502,1147205,440179,412250,852429,ELURU,0,71.63311335147402
ANDHRA PRADESH CODE : S01,Machilipatnam NO : 12,499816,506613,1006429,377557,352721,730278,MACHILIPATNAM,0,69.62336142183482
ANDHRA PRADESH CODE : S01,Vijayawada NO : 13,697436,686957,1384393,495137,452188,947325,VIJAYAWADA,0,65.8247896156528
ANDHRA PRADESH CODE : S01,Tenali NO : 14,477548,482899,960447,345836,313470,659306,TENALI,0,64.91419530792153
ANDHRA PRADESH CODE : S01,Guntur NO : 15,614523,625103,1239626,409140,385569,794709,GUNTUR,0,61.680874991801346
ANDHRA PRADESH CODE : S01,Bapatla NO : 16,532872,544943,1077815,377163,349942,727105,BAPATLA,0,64.21625748014013
ANDHRA PRADESH CODE : S01,Narasaraopet NO : 17,630562,631998,1262560,450109,428077,878186,NARASARAOPET,0,67.73391687948379
ANDHRA PRADESH CODE : S01,Ongole NO : 18,592214,598065,1190279,408504,384299,792803,ONGOLE,0,64.25706235944254
ANDHRA PRADESH CODE : S01,Nellore NO : 19,577877,587267,1165144,410421,376144,786565,NELLORE,0,64.04991256106676
ANDHRA PRADESH CODE : S01,Tirupathi NO : 20,592575,607135,1199710,429249,395445,824694,TIRUPATHI,0,65.13296054419527
ANDHRA PRADESH CODE : S01,Chittoor NO : 21,566939,573280,1140219,441856,411922,853778,CHITTOOR,0,71.8535445157689
ANDHRA PRADESH CODE : S01,Rajampet NO : 22,471180,475131,946311,355132,323685,678817,RAJAMPET,0,68.1254222519684
ANDHRA PRADESH CODE : S01,Cuddapah NO : 23,541923,548747,1090670,381295,357814,739109,CUDDAPAH,0,65.20564121535061
ANDHRA PRADESH CODE : S01,Hindupur NO : 24,584930,566676,1151606,428613,364255,792868,HINDUPUR,0,64.2792354008287
ANDHRA PRADESH CODE : S01,Anantapur NO : 25,617753,608561,1226314,415253,357218,772471,ANANTAPUR,0,58.698799298673435
ANDHRA PRADESH CODE : S01,Kurnool NO : 26,579408,583967,1163375,412534,361095,773629,KURNOOL,0,61.83482970784308
ANDHRA PRADESH CODE : S01,Nandyal NO : 27,557901,558652,1116553,389557,359622,749179,NANDYAL,0,64.37316970135254
ANDHRA PRADESH CODE : S01,Nagarkurnool NO : 28,606210,606359,1212569,433356,409669,843025,NAGARKURNOOL,0,67.56212078982912
ANDHRA PRADESH CODE : S01,Mahabubnagar NO : 29,617499,631956,1249455,424290,406435,830725,MAHABUBNAGAR,0,64.3138129869801
ANDHRA PRADESH CODE : S01,Hyderabad NO : 30,795680,771545,1567225,582466,501212,1083678,HYDERABAD,1,64.96212145759482
ANDHRA PRADESH CODE : S01,Secunderabad NO : 31,920629,849395,1770024,533961,436830,970791,SECUNDERABAD,1,51.42836960424773
ANDHRA PRADESH CODE : S01,Siddipet NO : 32,825917,796177,1622094,566134,509288,1075422,SIDDIPET,0,63.96668077575715
ANDHRA PRADESH CODE : S01,Medak NO : 33,605777,614183,1219960,446856,421691,868547,MEDAK,0,68.65885249184689
ANDHRA PRADESH CODE : S01,Nizamabad NO : 34,540693,589254,1129947,379356,398976,778332,NIZAMABAD,0,67.70866213890784
ANDHRA PRADESH CODE : S01,Adilabad NO : 35,535903,558965,1094868,388750,381404,770154,ADILABAD,0,68.23396813753992
ANDHRA PRADESH CODE : S01,Peddapalli NO : 36,673282,657477,1330759,470608,426115,896723,PEDDAPALLI,0,64.81063215899567
ANDHRA PRADESH CODE : S01,Karimnagar NO : 37,622019,637026,1259045,419295,421261,840556,KARIMNAGAR,0,66.1293259615777
ANDHRA PRADESH CODE : S01,Hanamkonda NO : 38,564237,554714,1118951,394049,362729,756778,HANAMKONDA,0,65.39027318582188
ANDHRA PRADESH CODE : S01,Warangal NO : 39,566889,565829,1132718,439093,416609,855702,WARANGAL,0,73.62807491309212
ANDHRA PRADESH CODE : S01,Khammam NO : 40,614556,613809,1228365,489903,458185,948088,KHAMMAM,0,74.64618472521582
ANDHRA PRADESH CODE : S01,Nalgonda NO : 41,726107,691075,1417182,524793,455878,980671,NALGONDA,0,65.9665014651087
ANDHRA PRADESH CODE : S01,Miryalguda NO : 42,604134,602095,1206229,482547,449279,931826,MIRYALGUDA,0,74.61928765394165
ARUNACHAL PRADE CODE : S02,Arunachal West NO : 1,176811,169315,346126,124966,120002,244968,ARUNACHAL WEST,0,70.87499630865547
ARUNACHAL PRADE CODE : S02,Arunachal East NO : 2,143786,121660,265446,96944,99319,196263,ARUNACHAL EAST,0,81.6365280289331
ASSAM CODE : S03,Karimganj NO : 1,488389,454774,943163,375113,320425,695538,KARIMGANJ,0,70.45807368055341
ASSAM CODE : S03,Silchar NO : 2,417433,410327,827760,336937,271591,608528,SILCHAR,0,66.18891761936212
ASSAM CODE : S03,Autonomous District NO : 3,278098,257720,535818,205858,190658,396516,AUTONOMOUS DISTRICT,0,73.97873661337886
ASSAM CODE : S03,Dhubri NO : 4,535348,515199,1050547,425549,399982,825531,DHUBRI,0,77.63640845576175
ASSAM CODE : S03,Kokrajhar NO : 5,602642,565838,1168480,496776,414177,910953,KOKRAJHAR,0,73.19709881626896
ASSAM CODE : S03,Barpeta NO : 6,536474,487151,1023625,408184,359730,767914,BARPETA,0,73.84363369879155
ASSAM CODE : S03,Gauhati NO : 7,705593,649276,1354869,453209,404819,858028,GAUHATI,0,62.349293674800855
ASSAM CODE : S03,Mangaldoi NO : 8,613132,566999,1180131,471277,387252,858529,MANGALDOI,0,68.29853315437946
ASSAM CODE : S03,Tezpur NO : 9,505928,465478,971406,371373,334076,705449,TEZPUR,0,71.77052406343587
ASSAM CODE : S03,Nowgong NO : 10,606078,507261,1113339,414025,367080,781105,NOWGONG,0,72.36511381714739
ASSAM CODE : S03,Kaliabor NO : 11,588109,523427,1111536,413161,366364,779525,KALIABOR,0,69.99333240356343
ASSAM CODE : S03,Jorhat NO : 12,526864,476606,1003470,344830,304659,649489,JORHAT,0,63.92261112952837
ASSAM CODE : S03,Dibrugarh NO : 13,499445,446340,945785,324733,254077,578810,DIBRUGARH,0,56.9245418290989
ASSAM CODE : S03,Lakhimpur NO : 14,551140,509604,1060744,388063,378941,767004,LAKHIMPUR,0,74.35989513426111
BIHAR CODE : S04,Bagaha NO : 1,556901,471687,1028588,379906,199274,579180,BAGAHA,0,42.24708334128352
BIHAR CODE : S04,Bettiah NO : 2,596975,501662,1098637,431630,264551,696181,BETTIAH,0,52.734909161945694
BIHAR CODE : S04,Motihari NO : 3,603868,508771,1112639,383569,302110,685679,MOTIHARI,0,59.38034990201879
BIHAR CODE : S04,Gopalganj NO : 4,638304,538611,1176915,467782,282980,750762,GOPALGANJ,0,52.53884528908619
BIHAR CODE : S04,Siwan NO : 5,506360,482644,989004,389721,320263,709984,SIWAN,0,66.35594765500036
BIHAR CODE : S04,Maharajganj NO : 6,487440,494126,981566,413909,296487,710396,MAHARAJGANJ,0,60.0023071038561
BIHAR CODE : S04,Chapra NO : 7,529943,473483,1003426,469655,309059,778714,CHAPRA,0,65.27351562780501
BIHAR CODE : S04,Hajipur NO : 8,569512,494811,1064323,474285,316163,790448,HAJIPUR,0,63.895709675007225
BIHAR CODE : S04,Vaishali NO : 9,556690,492316,1049006,427173,294428,721601,VAISHALI,0,59.80467829605376
BIHAR CODE : S04,Muzaffarpur NO : 10,572175,495661,1067836,436654,293836,730490,MUZAFFARPUR,0,59.28164612507339
BIHAR CODE : S04,Sitamarhi NO : 11,595338,531651,1126989,438661,317355,756016,SITAMARHI,0,59.69235457094973
BIHAR CODE : S04,Sheohar NO : 12,576044,507079,1083123,450511,276048,726559,SHEOHAR,0,54.438854695225004
BIHAR CODE : S04,Madhubani NO : 13,586638,514451,1101089,407905,309407,717312,MADHUBANI,0,60.14314288435634
BIHAR CODE : S04,Jhanjharpur NO : 14,547183,506760,1053943,374042,310105,684147,JHANJHARPUR,0,61.19366169389849
BIHAR CODE : S04,Darbhanga NO : 15,557779,485609,1043388,475026,291142,766168,DARBHANGA,0,59.95399591028997
BIHAR CODE : S04,Rosera NO : 16,568092,509175,1077267,417178,316973,734151,ROSERA,0,62.25227083026464
BIHAR CODE : S04,Samastipur NO : 17,649300,569810,1219110,452194,348827,801021,SAMASTIPUR,0,61.21812534002562
BIHAR CODE : S04,Barh NO : 18,577405,503948,1081353,455798,303865,759663,BARH,0,60.2968957114623
BIHAR CODE : S04,Balia NO : 19,527228,469351,996579,293636,212614,506250,BALIA,0,45.29957324049592
BIHAR CODE : S04,Saharsa NO : 20,600444,541659,1142103,416392,315661,732053,SAHARSA,0,58.27670176254802
BIHAR CODE : S04,Madhepura NO : 21,520042,477168,997210,386547,274359,660906,MADHEPURA,0,57.49735942058143
BIHAR CODE : S04,Araria NO : 22,561966,481104,1043070,394686,254289,648975,ARARIA,0,52.85530779207822
BIHAR CODE : S04,Kishanganj NO : 23,591395,538035,1129430,425483,302356,727839,KISHANGANJ,0,56.1963441040081
BIHAR CODE : S04,Purnea NO : 24,572251,513105,1085356,417564,284989,702553,PURNEA,0,55.54204305161712
BIHAR CODE : S04,Katihar NO : 25,546214,493286,1039500,371757,275462,647219,KATIHAR,0,55.842249729365925
BIHAR CODE : S04,Rajmahal NO : 26,489634,460959,950593,332969,236375,569344,RAJMAHAL,0,51.27896407272664
BIHAR CODE : S04,Dumka NO : 27,490264,461016,951280,341472,212765,554237,DUMKA,0,46.15132663508425
BIHAR CODE : S04,Godda NO : 28,565254,522319,1087573,333843,308163,642006,GODDA,0,58.9990025252767
BIHAR CODE : S04,Banka NO : 29,561998,502051,1064049,395032,240924,635956,BANKA,0,47.9879534150913
BIHAR CODE : S04,Bhagalpur NO : 30,657804,575029,1232833,438316,241005,679321,BHAGALPUR,0,41.91179923099531
BIHAR CODE : S04,Khagaria NO : 31,555839,488592,1044431,401028,271095,672123,KHAGARIA,0,55.48494449356518
BIHAR CODE : S04,Monghyr NO : 32,617516,530147,1147663,417169,295026,712195,MONGHYR,0,55.649848061009486
BIHAR CODE : S04,Begusarai NO : 33,579234,531654,1110888,391228,250120,641348,BEGUSARAI,0,47.045634943026855
BIHAR CODE : S04,Nalanda NO : 34,626177,553831,1180008,492035,386576,878611,NALANDA,0,69.80035425969294
BIHAR CODE : S04,Patna NO : 35,822778,647594,1470372,487395,324912,812307,PATNA,0,50.172175776798426
BIHAR CODE : S04,Arrah NO : 36,600955,520870,1121825,449553,239919,689472,ARRAH,0,46.06120529114751
BIHAR CODE : S04,Buxar NO : 37,561204,468215,1029419,396258,213156,609414,BUXAR,0,45.52523947331888
BIHAR CODE : S04,Sasaram NO : 38,615927,528397,1144324,417229,245040,662269,SASARAM,0,46.37422241231498
BIHAR CODE : S04,Bikramganj NO : 39,616179,512559,1128738,415354,327160,742514,BIKRAMGANJ,0,63.82874947079264
BIHAR CODE : S04,Aurangabad NO : 40,578915,512557,1091472,376424,307501,683925,AURANGABAD,0,59.99352267162481
BIHAR CODE : S04,Jahanabad NO : 41,563855,541347,1105202,435075,351032,786107,JAHANABAD,0,64.84417573201662
BIHAR CODE : S04,Nawada NO : 42,600016,573973,1173989,449415,409856,859271,NAWADA,0,71.40684317903455
BIHAR CODE : S04,Gaya NO : 43,557436,499094,1056530,362876,285109,647985,GAYA,0,57.12531106364733
BIHAR CODE : S04,Chatra NO : 44,532447,482737,1015184,238696,187545,426241,CHATRA,0,38.85034708340152
BIHAR CODE : S04,Kodarma NO : 45,591828,545720,1137548,394675,207882,602557,KODARMA,0,38.09316132815363
BIHAR CODE : S04,Giridih NO : 46,607369,508048,1115417,319237,221264,540501,GIRIDIH,0,43.55179038201115
BIHAR CODE : S04,Dhanbad NO : 47,813326,620319,1433645,482371,288673,771044,DHANBAD,0,46.53621765575454
BIHAR CODE : S04,Hazaribagh NO : 48,644686,569049,1213735,387153,213157,600310,HAZARIBAGH,0,37.45846139787611
BIHAR CODE : S04,Ranchi NO : 49,602101,529659,1131760,315222,268523,583745,RANCHI,0,50.69733545545342
BIHAR CODE : S04,Jamshedpur NO : 50,611575,548987,1160562,392465,242786,635251,JAMSHEDPUR,0,44.22436232551954
BIHAR CODE : S04,Singhbhum NO : 51,425836,420793,846629,296887,185431,482318,SINGHBHUM,0,44.06703533566385
BIHAR CODE : S04,Khunti NO : 52,422537,409631,832168,243133,168957,412090,KHUNTI,0,41.246145921573316
BIHAR CODE : S04,Lohardaga NO : 53,477816,460842,938658,246254,123621,369875,LOHARDAGA,0,26.825028968713788
BIHAR CODE : S04,Palamu NO : 54,574819,505334,1080153,310000,206668,516668,PALAMU,0,40.897307523341
GOA CODE : S05,Panaji NO : 1,209602,204039,413641,107766,83327,191093,PANAJI,1,40.83876121721828
GOA CODE : S05,Mormugao NO : 2,252577,242631,495208,121570,97281,218851,MORMUGAO,1,40.09421714455284
GUJARAT CODE : S06,Kutch NO : 1,438920,434017,872937,217306,176280,393586,KUTCH,0,40.61592057453971
GUJARAT CODE : S06,Surendranagar NO : 2,503190,467354,970544,282582,196305,478887,SURENDRANAGAR,0,42.00349199964053
GUJARAT CODE : S06,Jamnagar NO : 3,492233,466185,958418,218052,143530,361582,JAMNAGAR,0,30.78820639874728
GUJARAT CODE : S06,Rajkot NO : 4,714993,664921,1379914,334859,223710,558569,RAJKOT,0,33.64459838086028
GUJARAT CODE : S06,Porbandar NO : 5,458863,435436,894299,203110,128884,331994,PORBANDAR,0,29.59883886495375
GUJARAT CODE : S06,Junagadh NO : 6,555579,523989,1079568,295886,207742,503628,JUNAGADH,0,39.646252115979536
GUJARAT CODE : S06,Amreli NO : 7,449977,424544,874521,247860,168738,416598,AMRELI,0,39.74570362553705
GUJARAT CODE : S06,Bhavnagar NO : 8,535329,488592,1023921,272256,173021,445277,BHAVNAGAR,0,35.41216393227887
GUJARAT CODE : S06,Dhandhuka NO : 9,530204,499673,1029877,280021,192877,472898,DHANDHUKA,0,38.600644821713395
GUJARAT CODE : S06,Ahmedabad NO : 10,707530,612635,1320165,311859,215885,527744,AHMEDABAD,1,35.238763701061806
GUJARAT CODE : S06,Gandhinagar NO : 11,964384,869460,1833844,431857,309426,741283,GANDHINAGAR,1,35.58829618383824
GUJARAT CODE : S06,Mehsana NO : 12,552417,552022,1104439,352774,283799,636573,MEHSANA,0,51.410813337149605
GUJARAT CODE : S06,Patan NO : 13,500145,503684,1003829,278065,207983,486048,PATAN,0,41.29235790694165
GUJARAT CODE : S06,Banaskantha NO : 14,562611,544155,1106766,354703,248471,603174,BANASKANTHA,0,45.66180591926933
GUJARAT CODE : S06,Sabarkantha NO : 15,557679,562176,1119855,370032,302817,672849,SABARKANTHA,0,53.865159665300546
GUJARAT CODE : S06,Kapadvanj NO : 16,571379,552822,1124201,383913,290963,674876,KAPADVANJ,0,52.63231202810308
GUJARAT CODE : S06,Dohad NO : 17,522805,506174,1028979,275782,202105,477887,DOHAD,0,39.92796943343593
GUJARAT CODE : S06,Godhra NO : 18,531157,489105,1020262,288651,194594,483245,GODHRA,0,39.78573108023839
GUJARAT CODE : S06,Kaira NO : 19,542573,512208,1054781,303910,190870,494780,KAIRA,0,37.264158310686284
GUJARAT CODE : S06,Anand NO : 20,541413,505859,1047272,330831,229742,560573,ANAND,0,45.41621281819638
GUJARAT CODE : S06,Chhota Udaipur NO : 21,489888,472637,962525,295535,229970,525505,CHHOTA UDAIPUR,0,48.65679157577591
GUJARAT CODE : S06,Baroda NO : 22,750125,688839,1438964,349579,247211,596790,BARODA,0,35.888066732574664
GUJARAT CODE : S06,Broach NO : 23,563241,533531,1096772,332156,259305,591461,BROACH,0,48.60167450438681
GUJARAT CODE : S06,Surat NO : 24,1072449,878509,1950958,383589,245745,629334,SURAT,0,27.972963282106388
GUJARAT CODE : S06,Mandvi NO : 25,531537,532167,1063704,329625,287335,616960,MANDVI,0,53.99338929321059
GUJARAT CODE : S06,Bulsar NO : 26,583739,567348,1151087,327350,269160,596510,BULSAR,0,47.44178176357368
HARYANA CODE : S07,Ambala NO : 1,593849,497997,1091846,396673,302181,698854,AMBALA,0,60.67928120048916
HARYANA CODE : S07,Kurukshetra NO : 2,585282,487865,1073147,415950,314616,730566,KURUKSHETRA,0,64.48833181310404
HARYANA CODE : S07,Karnal NO : 3,618002,513446,1131448,446293,324901,771194,KARNAL,1,63.278514196234845
HARYANA CODE : S07,Sonepat NO : 4,586055,471120,1057175,400988,258547,659535,SONEPAT,0,54.8792239769061
HARYANA CODE : S07,Rohtak NO : 5,512310,426568,938878,369016,265219,634235,ROHTAK,1,62.17508111250727
HARYANA CODE : S07,Faridabad NO : 6,734116,596041,1330157,465400,289603,755003,FARIDABAD,0,48.58776493563362
HARYANA CODE : S07,Mahendragarh NO : 7,657279,579639,1236918,429752,322902,752654,MAHENDRAGARH,0,55.70743169455471
HARYANA CODE : S07,Bhiwani NO : 8,570406,483197,1053603,423673,316674,740347,BHIWANI,0,65.53724464348909
HARYANA CODE : S07,Hissar NO : 9,563250,462094,1025344,381117,265396,646513,HISSAR,0,57.43333607447836
HARYANA CODE : S07,Sirsa NO : 10,594831,505608,1100439,373944,267119,641063,SIRSA,0,52.831244758785466
HIMACHAL PRADES CODE : S08,Simla NO : 1,504051,441012,945063,290215,214273,504488,SIMLA,0,48.5866597734302
HIMACHAL PRADES CODE : S08,Mandi NO : 2,494586,474240,968826,287117,241520,528637,MANDI,0,50.92780026990553
HIMACHAL PRADES CODE : S08,Kangra NO : 3,457887,477203,935090,281751,275267,557018,KANGRA,0,57.68341774884064
HIMACHAL PRADES CODE : S08,Hamirpur NO : 4,458394,479106,937500,273781,285892,559673,HAMIRPUR,0,59.67197238189461
JAMMU & KASHMIR CODE : S09,Baramulla NO : 1,428919,334720,763639,132498,79682,212180,BARAMULLA,0,23.805568833652007
JAMMU & KASHMIR CODE : S09,Srinagar NO : 2,456755,397326,854081,73142,28791,101933,SRINAGAR,0,7.246190785400401
JAMMU & KASHMIR CODE : S09,Anantnag NO : 3,443636,361275,804911,73114,42129,115243,ANANTNAG,0,11.661199916960765
JAMMU & KASHMIR CODE : S09,Ladakh NO : 4,72299,71420,143719,60532,57139,117671,LADAKH,0,80.00420050406049
JAMMU & KASHMIR CODE : S09,Udhampur NO : 5,545753,471199,1016952,220870,182340,403210,UDHAMPUR,0,38.697026097254025
JAMMU & KASHMIR CODE : S09,Jammu NO : 6,778099,668693,1446792,408748,267960,676708,JAMMU,0,40.0722005464391
KARNATAKA CODE : S10,Bidar NO : 1,613698,586900,1200598,406979,354481,761460,BIDAR,0,60.39887544726529
KARNATAKA CODE : S10,Gulbarga NO : 2,641561,639002,1280563,410401,363345,773746,GULBARGA,0,56.861324377701486
KARNATAKA CODE : S10,Raichur NO : 3,610934,615170,1226104,390558,332424,722982,RAICHUR,0,54.03774566380025
KARNATAKA CODE : S10,Koppal NO : 4,619960,623466,1243426,425725,373341,799066,KOPPAL,0,59.8815332351724
KARNATAKA CODE : S10,Bellary NO : 5,609313,603742,1213055,446144,401075,847219,BELLARY,0,66.4315220739985
KARNATAKA CODE : S10,Davangere NO : 6,615853,601653,1217506,475443,407274,882717,DAVANGERE,0,67.69250714282153
KARNATAKA CODE : S10,Chitradurga NO : 7,594547,582691,1177238,460072,408472,868544,CHITRADURGA,0,70.10096260282036
KARNATAKA CODE : S10,Tumkur NO : 8,550408,536528,1086936,424356,376551,800907,TUMKUR,0,70.18291682819908
KARNATAKA CODE : S10,Chikballapur NO : 9,604923,584349,1189272,455927,394303,850230,CHIKBALLAPUR,0,67.47731235956594
KARNATAKA CODE : S10,Kolar NO : 10,577956,567597,1145553,457046,405766,862812,KOLAR,0,71.48839757785895
KARNATAKA CODE : S10,Kanakapura NO : 11,1118914,991715,2110629,676897,598876,1275773,KANAKAPURA,0,60.38791386638298
KARNATAKA CODE : S10,Bangalore North NO : 12,970425,857516,1827941,561936,466434,1028370,BANGALORE NORTH,1,54.39362064381306
KARNATAKA CODE : S10,Bangalore South NO : 13,803054,684161,1487215,448897,356137,805034,BANGALORE SOUTH,1,52.054560257015524
KARNATAKA CODE : S10,Mandya NO : 14,557879,541853,1099732,434924,397104,832028,MANDYA,0,73.28629720606881
KARNATAKA CODE : S10,Chamarajanagar NO : 15,557987,543864,1101851,433677,378223,811900,CHAMARAJANAGAR,0,69.5436726828766
KARNATAKA CODE : S10,Mysore NO : 16,665458,637278,1302736,417612,481880,899492,MYSORE,1,75.61535154202718
KARNATAKA CODE : S10,Mangalore NO : 17,500621,501798,1002419,375110,358145,733255,MANGALORE,0,71.37234504721023
KARNATAKA CODE : S10,Udupi NO : 18,487021,536777,1023798,329947,367185,697132,UDUPI,0,68.40550172604266
KARNATAKA CODE : S10,Hassan NO : 19,600963,616086,1217049,455673,437128,892801,HASSAN,0,70.95243196566713
KARNATAKA CODE : S10,Chikmagalur NO : 20,522434,528404,1050838,388272,353623,741895,CHIKMAGALUR,0,66.9228469125896
KARNATAKA CODE : S10,Shimoga NO : 21,573939,559368,1133307,440825,391276,832101,SHIMOGA,0,69.94965747057394
KARNATAKA CODE : S10,Kanara NO : 22,560168,540962,1101130,412003,361553,773556,KANARA,0,66.83519359955044
KARNATAKA CODE : S10,Dharwad South NO : 23,560478,527850,1088328,428844,370708,799552,DHARWAD SOUTH,0,70.22980013261343
KARNATAKA CODE : S10,Dharwad North NO : 24,578557,542904,1121461,406526,346374,752900,DHARWAD NORTH,0,63.80022987489501
KARNATAKA CODE : S10,Belgaum NO : 25,619709,610865,1230574,439967,384094,824061,BELGAUM,0,62.877067764563364
KARNATAKA CODE : S10,Chikkodi NO : 26,555791,538262,1094053,408442,360243,768685,CHIKKODI,0,66.92707268950808
KARNATAKA CODE : S10,Bagalkot NO : 27,566300,561660,1127960,412544,371285,783829,BAGALKOT,0,66.10493893102588
KARNATAKA CODE : S10,Bijapur NO : 28,608727,574099,1182826,401136,345154,746290,BIJAPUR,0,60.120989585419935
KERALA CODE : S11,Kasaragod NO : 1,587293,612671,1199964,451150,480482,931632,KASARAGOD,0,78.42414607513658
KERALA CODE : S11,Cannanore NO : 2,552974,568218,1121192,433102,453252,886354,CANNANORE,0,79.76727242009228
KERALA CODE : S11,Badagara NO : 3,558607,597327,1155934,405681,456252,861933,BADAGARA,0,76.38228307108167
KERALA CODE : S11,Calicut NO : 4,554745,569895,1124640,416505,410396,826901,CALICUT,0,72.01256371787785
KERALA CODE : S11,Manjeri NO : 5,602400,615488,1217888,406537,410036,816573,MANJERI,0,66.61965789747323
KERALA CODE : S11,Ponnani NO : 6,556755,589580,1146335,335277,359713,694990,PONNANI,0,61.01173716883205
KERALA CODE : S11,Palghat NO : 7,556506,575910,1132416,407596,408286,815882,PALGHAT,0,70.89406330850306
KERALA CODE : S11,Ottapalam NO : 8,525834,577493,1103327,373232,411352,784584,OTTAPALAM,0,71.23064695156478
KERALA CODE : S11,Trichur NO : 9,512316,558950,1071266,351028,386026,737054,TRICHUR,0,69.06270686107881
KERALA CODE : S11,Mukundapuram NO : 10,527224,556221,1083445,388401,403811,792212,MUKUNDAPURAM,0,72.59902089277463
KERALA CODE : S11,Ernakulam NO : 11,582818,598093,1180911,400196,376737,776933,ERNAKULAM,1,62.98970227038269
KERALA CODE : S11,Muvattupuzha NO : 12,509932,510221,1020153,365471,326807,692278,MUVATTUPUZHA,0,64.05204803408719
KERALA CODE : S11,Kottayam NO : 13,505422,512963,1018385,376003,357722,733725,KOTTAYAM,0,69.73641373744304
KERALA CODE : S11,Idukki NO : 14,563574,557910,1121484,401237,377703,778940,IDUKKI,0,67.6996289724149
KERALA CODE : S11,Alleppey NO : 15,501511,532028,1033539,387840,405201,793041,ALLEPPEY,0,76.16159299886472
KERALA CODE : S11,Mavelikara NO : 16,446801,490151,936952,315226,351931,667157,MAVELIKARA,0,71.80052677644237
KERALA CODE : S11,Adoor NO : 17,490815,516323,1007138,336576,366432,703008,ADOOR,0,70.9695287639714
KERALA CODE : S11,Quilon NO : 18,532816,555781,1088597,359589,381280,740869,QUILON,0,68.60256108071344
KERALA CODE : S11,Chirayinkil NO : 19,530968,565449,1096417,329121,361992,691113,CHIRAYINKIL,0,64.0185056477242
KERALA CODE : S11,Trivandrum NO : 20,594996,603922,1198918,383846,373651,757497,TRIVANDRUM,1,61.87073827414798
MADHYA PRADESH CODE : S12,Morena NO : 1,689554,569306,1258860,353199,147128,500327,MORENA,0,25.843395291811433
MADHYA PRADESH CODE : S12,Bhind NO : 2,719301,585715,1305016,447260,219871,667131,BHIND,0,37.53890544035922
MADHYA PRADESH CODE : S12,Gwalior NO : 3,698120,582021,1280141,386473,230268,616741,GWALIOR,1,39.563520903884914
MADHYA PRADESH CODE : S12,Guna NO : 4,686650,594303,1280953,436794,252425,689219,GUNA,0,42.47412515164824
MADHYA PRADESH CODE : S12,Sagar NO : 5,605703,516761,1122464,343668,200264,543932,SAGAR,0,38.75369851827053
MADHYA PRADESH CODE : S12,Khajuraho NO : 6,745445,634426,1379871,474659,272170,746829,KHAJURAHO,0,42.900196398003864
MADHYA PRADESH CODE : S12,Damoh NO : 7,658439,582187,1240626,375347,196521,571868,DAMOH,0,33.75564895815263
MADHYA PRADESH CODE : S12,Satna NO : 8,623118,566574,1189692,386287,239357,625644,SATNA,0,42.24637911376096
MADHYA PRADESH CODE : S12,Rewa NO : 9,716054,653739,1369793,467449,281051,748500,REWA,0,42.99131610627483
MADHYA PRADESH CODE : S12,Sidhi NO : 10,662773,600440,1263213,391823,223389,615212,SIDHI,0,37.20421690760109
MADHYA PRADESH CODE : S12,Shahdol NO : 11,614175,584089,1198264,371101,225187,596288,SHAHDOL,0,38.55354235399057
MADHYA PRADESH CODE : S12,Surguja NO : 12,550701,539209,1089910,355362,236539,591901,SURGUJA,0,43.86777668770365
MADHYA PRADESH CODE : S12,Raigarh NO : 13,491482,484505,975987,320391,259241,579632,RAIGARH,0,53.50636216344517
MADHYA PRADESH CODE : S12,Janjgir NO : 14,635612,608160,1243772,385864,286801,672665,JANJGIR,0,47.15880689292292
MADHYA PRADESH CODE : S12,Bilaspur NO : 15,561601,545460,1107061,313568,220765,534333,BILASPUR,0,40.47317860154732
MADHYA PRADESH CODE : S12,Sarangarh NO : 16,543585,544319,1087904,375490,310481,685971,SARANGARH,0,57.04026499166849
MADHYA PRADESH CODE : S12,Raipur NO : 17,601689,575455,1177144,368784,300503,669287,RAIPUR,0,52.22006933643812
MADHYA PRADESH CODE : S12,Mahasamund NO : 18,533362,538185,1071547,377178,314892,692070,MAHASAMUND,0,58.50999191727752
MADHYA PRADESH CODE : S12,Kanker NO : 19,520473,516326,1036799,339054,247177,586231,KANKER,0,47.872274493246515
MADHYA PRADESH CODE : S12,Bastar NO : 20,472755,481650,954405,235159,140445,375604,BASTAR,0,29.159140454687016
MADHYA PRADESH CODE : S12,Durg NO : 21,683486,646492,1329978,429628,342612,772240,DURG,0,52.99555137573242
MADHYA PRADESH CODE : S12,Rajnandgaon NO : 22,503304,513409,1016713,328407,275233,603640,RAJNANDGAON,0,53.608916088342816
MADHYA PRADESH CODE : S12,Balaghat NO : 23,454210,462222,916432,311014,272829,583843,BALAGHAT,0,59.025533185352494
MADHYA PRADESH CODE : S12,Mandla NO : 24,501168,500369,1001537,289211,205095,494306,MANDLA,0,40.98875030227692
MADHYA PRADESH CODE : S12,Jabalpur NO : 25,655715,585763,1241478,332878,200987,533865,JABALPUR,0,34.31199990439819
MADHYA PRADESH CODE : S12,Seoni NO : 26,574368,541054,1115422,351861,245754,597615,SEONI,0,45.421344265082595
MADHYA PRADESH CODE : S12,Chhindwara NO : 27,545820,509877,1055697,367464,269277,636741,CHHINDWARA,0,52.812148812360626
MADHYA PRADESH CODE : S12,Betul NO : 28,527535,493551,1021086,321424,224914,546338,BETUL,0,45.570569201561746
MADHYA PRADESH CODE : S12,Hoshangabad NO : 29,613244,540121,1153365,413852,273366,687218,HOSHANGABAD,0,50.61199249797731
MADHYA PRADESH CODE : S12,Bhopal NO : 30,840569,737786,1578355,564975,411711,976686,BHOPAL,1,55.80357989986256
MADHYA PRADESH CODE : S12,Vidisha NO : 31,634269,537422,1171691,415360,240326,655686,VIDISHA,0,44.71830330727064
MADHYA PRADESH CODE : S12,Rajgarh NO : 32,585117,529955,1115072,425846,247791,673637,RAJGARH,0,46.75698880093593
MADHYA PRADESH CODE : S12,Shajapur NO : 33,623937,575088,1199025,453603,310194,763797,SHAJAPUR,0,53.938527668808945
MADHYA PRADESH CODE : S12,Khandwa NO : 34,570538,539642,1110180,361093,270016,631109,KHANDWA,0,50.036135067322405
MADHYA PRADESH CODE : S12,Khargone NO : 35,589189,567673,1156862,390544,308378,698922,KHARGONE,0,54.323175490114906
MADHYA PRADESH CODE : S12,Dhar NO : 36,589210,568158,1157368,394741,304160,698901,DHAR,0,53.53440416222248
MADHYA PRADESH CODE : S12,Indore NO : 37,777345,700763,1478108,484003,350576,834579,INDORE,0,50.027755460833404
MADHYA PRADESH CODE : S12,Ujjain NO : 38,574759,533077,1107836,392916,280826,673742,UJJAIN,0,52.68019441844236
MADHYA PRADESH CODE : S12,Jhabua NO : 39,559358,553124,1112482,354675,265770,620445,JHABUA,0,48.0489004273906
MADHYA PRADESH CODE : S12,Mandsaur NO : 40,634969,608395,1243364,440609,313520,754129,MANDSAUR,0,51.532310423326955
MAHARASHTRA CODE : S13,Rajapur NO : 1,345015,445522,790537,221339,234885,456224,RAJAPUR,0,52.721302202809284
MAHARASHTRA CODE : S13,Ratnagiri NO : 2,377331,495028,872359,247091,311138,558229,RATNAGIRI,0,62.85260631721842
MAHARASHTRA CODE : S13,Kolaba NO : 3,584914,571542,1156456,370391,340505,710896,KOLABA,0,59.576549055012585
MAHARASHTRA CODE : S13,Mumbai South NO : 4,423910,295371,719281,185891,117131,303022,MUMBAI SOUTH,1,39.65555183142556
MAHARASHTRA CODE : S13,Mumbai South Centra NO : 5,490656,321920,812576,227186,141944,369130,MUMBAI SOUTH CENTRA,1,44.09294234592445
MAHARASHTRA CODE : S13,Mumbai North Central NO : 6,659711,488605,1148316,311858,216484,528342,MUMBAI NORTH CENTRAL,1,44.306546187615766
MAHARASHTRA CODE : S13,Mumbai North East NO : 7,1133088,857252,1990340,542410,387139,929549,MUMBAI NORTH EAST,1,45.160466233966204
MAHARASHTRA CODE : S13,Mumbai North West NO : 8,858879,694136,1553015,408047,305539,713586,MUMBAI NORTH WEST,1,44.017166664745815
MAHARASHTRA CODE : S13,Mumbai North NO : 9,1238585,983655,2222240,554007,400253,954260,MUMBAI NORTH,0,40.69038433190499
MAHARASHTRA CODE : S13,Thane NO : 10,1528913,1243837,2772750,571505,362522,934027,THANE,0,29.14545876991921
MAHARASHTRA CODE : S13,Dahanu NO : 11,781039,653639,1434678,402528,306353,708881,DAHANU,0,46.86883738577411
MAHARASHTRA CODE : S13,Nashik NO : 12,696822,647933,1344755,434964,343320,778284,NASHIK,0,52.98696007148887
MAHARASHTRA CODE : S13,Malegaon NO : 13,552513,530668,1083181,373445,325185,698630,MALEGAON,0,61.278426436114486
MAHARASHTRA CODE : S13,Dhule NO : 14,563549,539296,1102845,345020,281333,626353,DHULE,0,52.16671364148816
MAHARASHTRA CODE : S13,Nandurbar NO : 15,540564,538902,1079466,372962,337827,710789,NANDURBAR,0,62.68802119865949
MAHARASHTRA CODE : S13,Erandol NO : 16,552316,530642,1082958,369156,310598,679754,ERANDOL,0,58.532494600879694
MAHARASHTRA CODE : S13,Jalgaon NO : 17,565869,535297,1101166,398393,345149,743542,JALGAON,0,64.47803742595232
MAHARASHTRA CODE : S13,Buldhana NO : 18,532242,506886,1039128,399306,344307,743613,BULDHANA,0,67.9259241722991
MAHARASHTRA CODE : S13,Akola NO : 19,594955,550185,1145140,392743,305473,698216,AKOLA,0,55.521869916482636
MAHARASHTRA CODE : S13,Washim NO : 20,512859,491352,1004211,372777,305233,678010,WASHIM,0,62.12104560478028
MAHARASHTRA CODE : S13,Amravati NO : 21,591315,533571,1124886,397203,301030,698233,AMRAVATI,0,56.417983735997645
MAHARASHTRA CODE : S13,Ramtek NO : 22,554879,495954,1050833,388975,300796,689771,RAMTEK,0,60.649979635208105
MAHARASHTRA CODE : S13,Nagpur NO : 23,818595,732785,1551380,458048,371898,829946,NAGPUR,0,50.751311776305464
MAHARASHTRA CODE : S13,Bhandara NO : 24,473280,465368,938648,338919,324187,663106,BHANDARA,0,69.662503653023
MAHARASHTRA CODE : S13,Chimur NO : 25,516017,497305,1013322,416540,364181,780721,CHIMUR,0,73.23091462985491
MAHARASHTRA CODE : S13,Chandrapur NO : 26,636282,588056,1224338,451967,376253,828220,CHANDRAPUR,0,63.982511869617866
MAHARASHTRA CODE : S13,Wardha NO : 27,566595,513374,1079969,382519,300416,682935,WARDHA,0,58.51796156408389
MAHARASHTRA CODE : S13,Yavatmal NO : 28,525723,481882,1007605,363047,285758,648805,YAVATMAL,0,59.30040964385472
MAHARASHTRA CODE : S13,Hingoli NO : 29,523445,510499,1033944,390689,341937,732626,HINGOLI,0,66.98093434071369
MAHARASHTRA CODE : S13,Nanded NO : 30,606967,584460,1191427,424828,359173,784001,NANDED,0,61.45382062074394
MAHARASHTRA CODE : S13,Parbhani NO : 31,530062,525131,1055193,384838,320943,705781,PARBHANI,0,61.11674991573531
MAHARASHTRA CODE : S13,Jalna NO : 32,557066,549065,1106131,424434,377317,801751,JALNA,0,68.71991476419004
MAHARASHTRA CODE : S13,Aurangabad NO : 33,709925,662284,1372209,496755,409710,906465,AURANGABAD,0,61.86318860186868
MAHARASHTRA CODE : S13,Beed NO : 34,598410,577461,1175871,456650,394941,851591,BEED,0,68.39267067386369
MAHARASHTRA CODE : S13,Latur NO : 35,564881,532159,1097040,421210,373735,794945,LATUR,0,70.22995007131327
MAHARASHTRA CODE : S13,Osmanabad NO : 36,483488,452836,936324,356804,310258,667062,OSMANABAD,0,68.514429064827
MAHARASHTRA CODE : S13,Sholapur NO : 37,526443,499563,1026006,337194,293575,630769,SHOLAPUR,0,58.76636180021338
MAHARASHTRA CODE : S13,Pandharpur NO : 38,573850,532511,1106361,439449,388092,827541,PANDHARPUR,0,72.87962126603958
MAHARASHTRA CODE : S13,Ahmednagar NO : 39,584353,562759,1147112,422576,353290,775866,AHMEDNAGAR,0,62.77820523527834
MAHARASHTRA CODE : S13,Kopargaon NO : 40,485668,466740,952408,367045,321592,688637,KOPARGAON,0,68.90174401165531
MAHARASHTRA CODE : S13,Khed NO : 41,541470,528939,1070409,373162,317722,690884,KHED,0,60.06779609747059
MAHARASHTRA CODE : S13,Pune NO : 42,745276,689825,1435101,408264,341190,749454,PUNE,0,49.46037038379299
MAHARASHTRA CODE : S13,Baramati NO : 43,767062,695186,1462248,514887,408149,923036,BARAMATI,0,58.71076229958601
MAHARASHTRA CODE : S13,Satara NO : 44,483173,501296,984469,355773,347254,703027,SATARA,0,69.27124892279213
MAHARASHTRA CODE : S13,Karad NO : 45,509017,525683,1034700,382092,377983,760075,KARAD,0,71.90321924049285
MAHARASHTRA CODE : S13,Sangli NO : 46,525896,505711,1031607,383473,351986,735459,SANGLI,0,69.60220363013659
MAHARASHTRA CODE : S13,Ichalkaranji NO : 47,566886,549773,1116659,424029,386934,810963,ICHALKARANJI,0,70.38068439155796
MAHARASHTRA CODE : S13,Kolhapur NO : 48,544547,527051,1071598,403460,371540,775000,KOLHAPUR,0,70.49412675433688
MANIPUR CODE : S14,Inner Manipur NO : 1,318326,339602,657928,225180,221447,446627,INNER MANIPUR,0,65.20780207419273
MANIPUR CODE : S14,Outer Manipur NO : 2,354324,360087,714411,228254,226361,454615,OUTER MANIPUR,0,62.86286369682882
MEGHALAYA CODE : S15,Shillong NO : 1,363068,361321,724389,194693,174317,369010,SHILLONG,0,48.2443588941689
MEGHALAYA CODE : S15,Tura NO : 2,230526,223335,453861,155355,137292,292647,TURA,0,61.47357109275304
MIZORAM CODE : S16,Mizoram NO : 1,225360,224046,449406,152172,141341,293513,MIZORAM,0,63.08570561402569
NAGALAND CODE : S17,Nagaland NO : 1,505399,450515,955914,389724,339119,728843,NAGALAND,0,75.27363128863634
ORISSA CODE : S18,Mayurbhanj NO : 1,484855,479499,964354,326387,251379,577766,MAYURBHANJ,0,52.42534395275068
ORISSA CODE : S18,Balasore NO : 2,634217,608361,1242578,427125,348749,775874,BALASORE,0,57.32599558485833
ORISSA CODE : S18,Bhadrak NO : 3,611540,583606,1195146,342403,341926,684329,BHADRAK,0,58.5884997755335
ORISSA CODE : S18,Jajpur NO : 4,606141,565070,1171211,347797,251282,599079,JAJPUR,0,44.469180809457235
ORISSA CODE : S18,Kendrapara NO : 5,577208,543975,1121183,341610,283329,624939,KENDRAPARA,0,52.08493037363849
ORISSA CODE : S18,Cuttack NO : 6,654065,561184,1215249,375545,249439,624984,CUTTACK,0,44.44870131721503
ORISSA CODE : S18,Jagatsinghpur NO : 7,632461,600602,1233063,409008,354686,763694,JAGATSINGHPUR,0,59.05508140166034
ORISSA CODE : S18,Puri NO : 8,608660,568157,1176817,362959,303977,666936,PURI,0,53.50228897998265
ORISSA CODE : S18,Bhubaneswar NO : 9,714991,603569,1318560,387917,237434,625351,BHUBANESWAR,1,39.33833579922097
ORISSA CODE : S18,Aska NO : 10,612968,562897,1175865,300177,185147,485324,ASKA,0,32.891807915124794
ORISSA CODE : S18,Berhampur NO : 11,585540,573928,1159468,331102,249475,580577,BERHAMPUR,0,43.46799598555916
ORISSA CODE : S18,Koraput NO : 12,559616,561168,1120784,322109,245381,567490,KORAPUT,0,43.72683403187637
ORISSA CODE : S18,Nowrangpur NO : 13,543116,542459,1085575,374216,302658,676874,NOWRANGPUR,0,55.79370975502296
ORISSA CODE : S18,Kalahandi NO : 14,536684,524306,1060990,371702,283037,654739,KALAHANDI,0,53.98317013347167
ORISSA CODE : S18,Phulbani NO : 15,573310,553598,1126908,367585,273456,641041,PHULBANI,0,49.396132211460305
ORISSA CODE : S18,Bolangir NO : 16,539579,511620,1051199,360354,282407,642761,BOLANGIR,0,55.19858488722098
ORISSA CODE : S18,Sambalpur NO : 17,625610,564734,1190344,412328,290028,702356,SAMBALPUR,0,51.356567870891425
ORISSA CODE : S18,Deogarh NO : 18,616884,552047,1168931,397993,292612,690605,DEOGARH,0,53.00490719087324
ORISSA CODE : S18,Dhenkanal NO : 19,587369,531484,1118853,360771,250290,611061,DHENKANAL,0,47.09266882916513
ORISSA CODE : S18,Sundargarh NO : 20,645819,552538,1198357,365614,265036,630650,SUNDARGARH,0,47.96701765308449
ORISSA CODE : S18,Keonjhar NO : 21,559100,532955,1092055,361771,268333,630104,KEONJHAR,0,50.34815322119128
PUNJAB CODE : S19,Gurdaspur NO : 1,573736,548272,1122008,354907,322134,677041,GURDASPUR,0,58.754413867569376
PUNJAB CODE : S19,Amritsar NO : 2,663673,580643,1244316,336629,259907,596536,AMRITSAR,0,44.761927724953196
PUNJAB CODE : S19,Tarn Taran NO : 3,588781,512715,1101496,327013,267930,594943,TARN TARAN,1,52.25710189871566
PUNJAB CODE : S19,Jullundur NO : 4,588768,553322,1142090,306605,261652,568257,JULLUNDUR,0,47.28747456273201
PUNJAB CODE : S19,Phillaur NO : 5,600466,543623,1144089,325380,294413,619793,PHILLAUR,0,54.15756875628882
PUNJAB CODE : S19,Hoshiarpur NO : 6,579739,533232,1112971,307370,278531,585901,HOSHIARPUR,0,52.23448705253998
PUNJAB CODE : S19,Ropar NO : 7,678715,588029,1266744,400621,318349,718970,ROPAR,0,54.13831630752905
PUNJAB CODE : S19,Patiala NO : 8,702182,608172,1310354,436454,345340,781794,PATIALA,1,56.78327841465901
PUNJAB CODE : S19,Ludhiana NO : 9,794031,677499,1471530,344007,330412,674419,LUDHIANA,0,48.76937087730019
PUNJAB CODE : S19,Sangrur NO : 10,604291,541024,1145315,392483,323699,716182,SANGRUR,0,59.83080233039569
PUNJAB CODE : S19,Bhatinda NO : 11,646225,571506,1217731,365571,291113,656684,BHATINDA,0,50.93787291821958
PUNJAB CODE : S19,Faridkot NO : 12,640896,583635,1224531,453350,418405,871755,FARIDKOT,1,71.68949771689498
PUNJAB CODE : S19,Ferozepur NO : 13,632405,581724,1214129,421860,335065,756925,FEROZEPUR,0,57.598620651718
RAJASTHAN CODE : S20,Ganganagar NO : 1,686659,582416,1269075,397251,272781,670032,GANGANAGAR,0,46.83611027169583
RAJASTHAN CODE : S20,Bikaner NO : 2,952418,810171,1762589,579446,367236,946682,BIKANER,0,45.328208489318925
RAJASTHAN CODE : S20,Churu NO : 3,647271,592465,1239736,387617,298175,685792,CHURU,0,50.32786746896441
RAJASTHAN CODE : S20,Jhunjhunu NO : 4,612970,570214,1183184,402973,271407,674380,JHUNJHUNU,0,47.597393259372794
RAJASTHAN CODE : S20,Sikar NO : 5,674147,616073,1290220,432004,323198,755202,SIKAR,0,52.460990824139344
RAJASTHAN CODE : S20,Jaipur NO : 6,949299,804466,1753765,481655,326924,808579,JAIPUR,1,40.63863482111115
RAJASTHAN CODE : S20,Dausa NO : 7,668125,593633,1261758,446456,305785,752241,DAUSA,0,51.51078191407823
RAJASTHAN CODE : S20,Alwar NO : 8,618391,538306,1156697,388501,231240,619741,ALWAR,0,42.956979859039286
RAJASTHAN CODE : S20,Bharatpur NO : 9,573780,486802,1060582,371624,205838,577462,BHARATPUR,0,42.28372110221404
RAJASTHAN CODE : S20,Bayana NO : 10,603926,488696,1092622,352441,146516,498957,BAYANA,0,29.981010689672104
RAJASTHAN CODE : S20,Sawai Madhopur NO : 11,632994,544956,1177950,364519,151315,515834,SAWAI MADHOPUR,0,27.76646187949119
RAJASTHAN CODE : S20,Ajmer NO : 12,570471,536340,1106811,338611,255773,594384,AJMER,1,47.68859305664318
RAJASTHAN CODE : S20,Tonk NO : 13,589033,549445,1138478,331660,214793,546453,TONK,0,39.092720836480446
RAJASTHAN CODE : S20,Kota NO : 14,640576,578829,1219405,379548,256908,636456,KOTA,0,44.384092711318885
RAJASTHAN CODE : S20,Jhalawar NO : 15,556749,512681,1069430,402546,285503,688049,JHALAWAR,0,55.68823498432749
RAJASTHAN CODE : S20,Banswara NO : 16,598357,583875,1182232,359063,298455,657518,BANSWARA,0,51.11624919717406
RAJASTHAN CODE : S20,Salumber NO : 17,572552,544763,1117315,328826,248274,577100,SALUMBER,0,45.57468109985443
RAJASTHAN CODE : S20,Udaipur NO : 18,646492,610396,1256888,390725,319055,709780,UDAIPUR,0,52.27016559741545
RAJASTHAN CODE : S20,Chittorgarh NO : 19,651705,597201,1248906,458712,361962,820674,CHITTORGARH,0,60.609744457896085
RAJASTHAN CODE : S20,Bhilwara NO : 20,585487,551463,1136950,358803,248861,607664,BHILWARA,0,45.1274156199056
RAJASTHAN CODE : S20,Pali NO : 21,556218,524302,1080520,308929,231321,540250,PALI,0,44.11980118328749
RAJASTHAN CODE : S20,Jalore NO : 22,655442,590163,1245605,384876,269556,654432,JALORE,0,45.67483898516173
RAJASTHAN CODE : S20,Barmer NO : 23,762790,655599,1418389,504461,336898,841359,BARMER,0,51.387814807527164
RAJASTHAN CODE : S20,Jodhpur NO : 24,742403,661447,1403850,422949,240779,663728,JODHPUR,0,36.40185834995094
RAJASTHAN CODE : S20,Nagaur NO : 25,640960,592571,1233531,419448,291819,711267,NAGAUR,0,49.24625066025843
SIKKIM CODE : S21,Sikkim NO : 1,132591,122786,255377,106402,102268,208670,SIKKIM,0,83.2896258531103
TAMIL NADU CODE : S22,Madras North NO : 1,1080102,961239,2041341,502019,391917,893936,MADRAS NORTH,0,40.77206605225132
TAMIL NADU CODE : S22,Madras Central NO : 2,661128,613939,1275067,336694,281225,617919,MADRAS CENTRAL,1,45.806668089174984
TAMIL NADU CODE : S22,Madras South NO : 3,1081335,992795,2074130,514299,422242,936541,MADRAS SOUTH,1,42.53063321229458
TAMIL NADU CODE : S22,Sriperumbudur NO : 4,674426,679432,1353858,397002,347850,744852,SRIPERUMBUDUR,0,51.19717646504728
TAMIL NADU CODE : S22,Chengalpattu NO : 5,605218,594822,1200040,370953,328958,699911,CHENGALPATTU,0,55.30360343094236
TAMIL NADU CODE : S22,Arakkonam NO : 6,554579,565464,1120043,384842,357954,742796,ARAKKONAM,0,63.30270362038962
TAMIL NADU CODE : S22,Vellore NO : 7,572265,580156,1152421,369540,333099,702639,VELLORE,0,57.41541930101559
TAMIL NADU CODE : S22,Tiruppattur NO : 8,569870,575021,1144891,380557,365552,746109,TIRUPPATTUR,0,63.57193911178896
TAMIL NADU CODE : S22,Vandavasi NO : 9,547494,557392,1104886,354723,325269,679992,VANDAVASI,0,58.355519993110775
TAMIL NADU CODE : S22,Tindivanam NO : 10,563881,564861,1128742,367839,327954,695793,TINDIVANAM,0,58.059239352690305
TAMIL NADU CODE : S22,Cuddalore NO : 11,568524,567598,1136122,375001,349353,724354,CUDDALORE,0,61.5493712099056
TAMIL NADU CODE : S22,Chidambaram NO : 12,560409,549820,1110229,388033,344961,732994,CHIDAMBARAM,0,62.74071514313776
TAMIL NADU CODE : S22,Dharmapuri NO : 13,621542,605337,1226879,389346,339614,728960,DHARMAPURI,0,56.1032945285023
TAMIL NADU CODE : S22,Krishnagiri NO : 14,592578,571112,1163690,377323,320580,697903,KRISHNAGIRI,0,56.13259745899229
TAMIL NADU CODE : S22,Rasipuram NO : 15,576811,584641,1161452,343745,299315,643060,RASIPURAM,0,51.19637521145455
TAMIL NADU CODE : S22,Salem NO : 16,635997,621386,1257383,399638,344296,743934,SALEM,0,55.40774977228325
TAMIL NADU CODE : S22,Tiruchengode NO : 17,770121,756943,1527064,465273,380839,846112,TIRUCHENGODE,0,50.3127712390497
TAMIL NADU CODE : S22,Nilgiris NO : 18,683258,665217,1348475,402965,339762,742727,NILGIRIS,0,51.07536337766473
TAMIL NADU CODE : S22,Gobichettipalayam NO : 19,539069,527293,1066362,350376,292424,642800,GOBICHETTIPALAYAM,0,55.45759188913944
TAMIL NADU CODE : S22,Coimbatore NO : 20,816907,754568,1571475,484729,389407,874136,COIMBATORE,1,51.606614645731064
TAMIL NADU CODE : S22,Pollachi NO : 21,541991,532239,1074230,334880,278408,613288,POLLACHI,0,52.30883118298358
TAMIL NADU CODE : S22,Palani NO : 22,580112,579565,1159677,364314,318539,682853,PALANI,0,54.96173854528828
TAMIL NADU CODE : S22,Dindigul NO : 23,594877,599739,1194616,359882,326595,686477,DINDIGUL,0,54.45618844197225
TAMIL NADU CODE : S22,Madurai NO : 24,729182,700793,1429975,404424,345017,749441,MADURAI,1,49.23236961556408
TAMIL NADU CODE : S22,Periyakulam NO : 25,561229,560496,1121725,343163,322661,665824,PERIYAKULAM,0,57.567047757700315
TAMIL NADU CODE : S22,Karur NO : 26,578779,591803,1170582,382864,353844,736708,KARUR,0,59.79084256078458
TAMIL NADU CODE : S22,Tiruchirappalli NO : 27,624734,621237,1245971,372350,330402,702752,TIRUCHIRAPPALLI,0,53.18453343892911
TAMIL NADU CODE : S22,Perambalur NO : 28,529839,534482,1064321,352872,343185,696057,PERAMBALUR,0,64.20889758682237
TAMIL NADU CODE : S22,Mayiladuturai NO : 29,523629,506997,1030626,348783,306803,655586,MAYILADUTURAI,0,60.51377029844358
TAMIL NADU CODE : S22,Nagapattinam NO : 30,531978,522688,1054666,363332,332956,696288,NAGAPATTINAM,0,63.700716297293994
TAMIL NADU CODE : S22,Thanjavur NO : 31,523625,526212,1049837,343233,318792,662025,THANJAVUR,0,60.58242685457572
TAMIL NADU CODE : S22,Pudukkottai NO : 32,604865,613432,1218297,402892,378072,780964,PUDUKKOTTAI,0,61.63225915830931
TAMIL NADU CODE : S22,Sivaganga NO : 33,553765,563458,1117223,297718,326329,624047,SIVAGANGA,0,57.91540806945682
TAMIL NADU CODE : S22,Ramanathapuram NO : 34,551315,563812,1115127,322606,318451,641057,RAMANATHAPURAM,0,56.48177051925109
TAMIL NADU CODE : S22,Sivakasi NO : 35,622407,635528,1257935,410396,380355,790751,SIVAKASI,0,59.84866127062851
TAMIL NADU CODE : S22,Tirunelveli NO : 36,556674,565203,1121877,332189,278774,610963,TIRUNELVELI,0,49.322809680769566
TAMIL NADU CODE : S22,Tenkasi NO : 37,510418,533672,1044090,349442,327910,677352,TENKASI,0,61.44410799142545
TAMIL NADU CODE : S22,Tiruchendur NO : 38,507515,533112,1040627,278369,266413,544782,TIRUCHENDUR,0,49.9731763681928
TAMIL NADU CODE : S22,Nagercoil NO : 39,534839,522873,1057712,334219,287641,621860,NAGERCOIL,0,55.01163762519771
TRIPURA CODE : S23,Tripura West NO : 1,486631,454660,941291,351149,308259,659408,TRIPURA WEST,0,67.7998944266045
TRIPURA CODE : S23,Tripura East NO : 2,442968,411796,854764,308643,255733,564376,TRIPURA EAST,0,62.101865972471806
UTTAR PRADESH CODE : S24,Tehri Garhwal NO : 1,608127,553157,1161284,300744,189787,490531,TEHRI GARHWAL,0,34.30978908338862
UTTAR PRADESH CODE : S24,Garhwal NO : 2,507609,529267,1036876,258092,223084,481176,GARHWAL,0,42.14961446680031
UTTAR PRADESH CODE : S24,Almora NO : 3,459196,506432,965628,235683,168189,403872,ALMORA,0,33.21057911032479
UTTAR PRADESH CODE : S24,Nainital NO : 4,742696,625497,1368193,469812,334135,803947,NAINITAL,0,53.41912111488944
UTTAR PRADESH CODE : S24,Bijnor NO : 5,750940,525493,1276433,419657,291625,711282,BIJNOR,0,55.495506124724784
UTTAR PRADESH CODE : S24,Amroha NO : 6,684709,537530,1222239,464536,313721,778257,AMROHA,0,58.36344018008297
UTTAR PRADESH CODE : S24,Moradabad NO : 7,624912,531260,1156172,384714,263274,647988,MORADABAD,0,49.5565259948048
UTTAR PRADESH CODE : S24,Rampur NO : 8,715937,606533,1322470,451463,369333,820796,RAMPUR,0,60.89248235462868
UTTAR PRADESH CODE : S24,Sambhal NO : 9,591837,489584,1081421,374568,254922,629490,SAMBHAL,0,52.06910356547599
UTTAR PRADESH CODE : S24,Budaun NO : 10,613501,495346,1108847,397684,212586,610270,BUDAUN,0,42.916668348992424
UTTAR PRADESH CODE : S24,Aonla NO : 11,554941,454042,1008983,325786,266520,592306,AONLA,0,58.699415472577435
UTTAR PRADESH CODE : S24,Bareilly NO : 12,623434,510047,1133481,364977,298571,663548,BAREILLY,0,58.537938660554815
UTTAR PRADESH CODE : S24,Pilibhit NO : 13,592424,546793,1139217,462777,293498,756275,PILIBHIT,0,53.67625408518397
UTTAR PRADESH CODE : S24,Shahjahanpur NO : 14,585314,545538,1130852,448756,235103,683859,SHAHJAHANPUR,0,43.095623036342104
UTTAR PRADESH CODE : S24,Kheri NO : 15,683656,576502,1260158,468267,249666,717933,KHERI,0,43.307048371037745
UTTAR PRADESH CODE : S24,Shahabad NO : 16,624515,503988,1128503,414105,235751,649856,SHAHABAD,0,46.77710580410645
UTTAR PRADESH CODE : S24,Sitapur NO : 17,603625,509790,1113415,416447,228418,644865,SITAPUR,0,44.80629278722611
UTTAR PRADESH CODE : S24,Misrikh NO : 18,597607,492070,1089677,410989,208599,619588,MISRIKH,0,42.39213932977016
UTTAR PRADESH CODE : S24,Hardoi NO : 19,596434,487460,1083894,378542,181789,560331,HARDOI,0,37.29311122963935
UTTAR PRADESH CODE : S24,Lucknow NO : 20,838767,713674,1552441,449232,304729,753961,LUCKNOW,1,42.69862710425208
UTTAR PRADESH CODE : S24,Mohanlalganj NO : 21,623410,526068,1149478,355751,262578,618329,MOHANLALGANJ,0,49.91331919067497
UTTAR PRADESH CODE : S24,Unnao NO : 22,661528,539676,1201204,375735,223768,599503,UNNAO,0,41.463396556452395
UTTAR PRADESH CODE : S24,Rae Bareli NO : 23,620404,554144,1174548,391342,304960,696302,RAE BARELI,0,55.03262689842351
UTTAR PRADESH CODE : S24,Pratapgarh NO : 24,654035,535108,1189143,341610,234131,575741,PRATAPGARH,0,43.7539711609619
UTTAR PRADESH CODE : S24,Amethi NO : 25,585555,525068,1110623,350999,287179,638178,AMETHI,0,54.693677771260106
UTTAR PRADESH CODE : S24,Sultanpur NO : 26,663444,557284,1220728,342139,279955,622094,SULTANPUR,0,50.235606979565176
UTTAR PRADESH CODE : S24,Akbarpur NO : 27,669671,560561,1230232,413207,336243,749450,AKBARPUR,0,59.983302441661124
UTTAR PRADESH CODE : S24,Faizabad NO : 28,667136,561616,1228752,386210,280333,666543,FAIZABAD,0,49.91542263753169
UTTAR PRADESH CODE : S24,Bara Banki NO : 29,585940,503857,1089797,381958,249389,631347,BARA BANKI,0,49.49598794896171
UTTAR PRADESH CODE : S24,Kaiserganj NO : 30,612483,504514,1116997,336202,310336,646538,KAISERGANJ,0,61.51187083014544
UTTAR PRADESH CODE : S24,Bahraich NO : 31,673894,552551,1226445,314402,290212,604614,BAHRAICH,0,52.52221061947223
UTTAR PRADESH CODE : S24,Balrampur NO : 32,639031,525855,1164886,390615,287239,677854,BALRAMPUR,0,54.623232640176475
UTTAR PRADESH CODE : S24,Gonda NO : 33,637555,521635,1159190,361609,226117,587726,GONDA,0,43.34774315373777
UTTAR PRADESH CODE : S24,Basti NO : 34,649631,531485,1181116,354694,239238,593932,BASTI,0,45.01312360649877
UTTAR PRADESH CODE : S24,Domariaganj NO : 35,632781,513791,1146572,343372,280940,624312,DOMARIAGANJ,0,54.67982117242225
UTTAR PRADESH CODE : S24,Khalilabad NO : 36,668719,547092,1215811,347599,325375,672974,KHALILABAD,0,59.47354375498088
UTTAR PRADESH CODE : S24,Bansgaon NO : 37,718040,561689,1279729,361254,247484,608738,BANSGAON,0,44.0606812666796
UTTAR PRADESH CODE : S24,Gorakhpur NO : 38,708025,553235,1261260,395068,263403,658471,GORAKHPUR,0,47.611412871564525
UTTAR PRADESH CODE : S24,Maharajganj NO : 39,622208,507419,1129627,380635,305328,685963,MAHARAJGANJ,0,60.172756637019894
UTTAR PRADESH CODE : S24,Padrauna NO : 40,665469,544936,1210405,390939,317215,708154,PADRAUNA,0,58.21142299279182
UTTAR PRADESH CODE : S24,Deoria NO : 41,702529,572679,1275208,393850,310860,704710,DEORIA,0,54.28171803051971
UTTAR PRADESH CODE : S24,Salempur NO : 42,704741,561122,1265863,371183,276172,647355,SALEMPUR,0,49.21781715919176
UTTAR PRADESH CODE : S24,Ballia NO : 43,735259,552567,1287826,399927,219597,619524,BALLIA,0,39.741244048233064
UTTAR PRADESH CODE : S24,Ghosi NO : 44,660042,556014,1216056,377514,308875,686389,GHOSI,0,55.55165877118202
UTTAR PRADESH CODE : S24,Azamgarh NO : 45,666861,548400,1215261,363884,297720,661604,AZAMGARH,0,54.28884026258206
UTTAR PRADESH CODE : S24,Lalganj NO : 46,705391,608582,1313973,384022,314198,698220,LALGANJ,0,51.62788252035059
UTTAR PRADESH CODE : S24,Machhlishahr NO : 47,683349,579853,1263202,342140,320915,663055,MACHHLISHAHR,0,55.34419930568609
UTTAR PRADESH CODE : S24,Jaunpur NO : 48,679713,594732,1274445,365505,337483,702988,JAUNPUR,0,56.745391201415096
UTTAR PRADESH CODE : S24,Saidpur NO : 49,690481,619471,1309952,389210,325450,714660,SAIDPUR,0,52.53676120431787
UTTAR PRADESH CODE : S24,Ghazipur NO : 50,693173,606840,1300013,427030,316044,743074,GHAZIPUR,0,52.0802847538066
UTTAR PRADESH CODE : S24,Chandauli NO : 51,751276,589122,1340398,444639,293520,738159,CHANDAULI,0,49.82329636306232
UTTAR PRADESH CODE : S24,Varanasi NO : 52,775024,632820,1407844,348605,285221,633826,VARANASI,0,45.07142631395973
UTTAR PRADESH CODE : S24,Robertsganj NO : 53,790929,652558,1443487,463341,291678,755019,ROBERTSGANJ,0,44.69763607219588
UTTAR PRADESH CODE : S24,Mirzapur NO : 54,735603,620414,1356017,475437,306867,782304,MIRZAPUR,0,49.4616498015841
UTTAR PRADESH CODE : S24,Phulpur NO : 55,641389,542148,1183537,414600,276373,690973,PHULPUR,0,50.977408382950784
UTTAR PRADESH CODE : S24,Allahabad NO : 56,791961,618627,1410588,356722,291829,648551,ALLAHABAD,1,47.17366038016446
UTTAR PRADESH CODE : S24,Chail NO : 57,720072,590478,1310550,335467,180470,515937,CHAIL,0,30.56337407998266
UTTAR PRADESH CODE : S24,Fatehpur NO : 58,646806,524305,1171111,300099,245495,545594,FATEHPUR,0,46.82293703092665
UTTAR PRADESH CODE : S24,Banda NO : 59,642087,515965,1158052,365007,224296,589303,BANDA,0,43.47116567984263
UTTAR PRADESH CODE : S24,Hamirpur NO : 60,582773,474579,1057352,372476,250099,622575,HAMIRPUR,0,52.69912912286468
UTTAR PRADESH CODE : S24,Jhansi NO : 61,706444,612740,1319184,460501,302483,762984,JHANSI,0,49.3656363220942
UTTAR PRADESH CODE : S24,Jalaun NO : 62,644472,519899,1164371,327440,254362,581802,JALAUN,0,48.92527202398927
UTTAR PRADESH CODE : S24,Ghatampur NO : 63,621682,491045,1112727,345979,217173,563152,GHATAMPUR,0,44.22670020059261
UTTAR PRADESH CODE : S24,Bilhaur NO : 64,747403,513610,1261013,411288,227483,638771,BILHAUR,0,44.29099900702868
UTTAR PRADESH CODE : S24,Kanpur NO : 65,842151,575610,1417761,400252,235399,635651,KANPUR,1,40.89557165441879
UTTAR PRADESH CODE : S24,Etawah NO : 66,640419,508304,1148723,383613,225155,608768,ETAWAH,0,44.29534294437974
UTTAR PRADESH CODE : S24,Kannauj NO : 67,641790,515352,1157142,388502,305250,693752,KANNAUJ,0,59.23136031295115
UTTAR PRADESH CODE : S24,Farrukhabad NO : 68,685969,555999,1241968,437568,203074,640642,FARRUKHABAD,0,36.52416641037124
UTTAR PRADESH CODE : S24,Mainpuri NO : 69,635231,473866,1109097,397783,182301,580084,MAINPURI,0,38.471002350875565
UTTAR PRADESH CODE : S24,Jalesar NO : 70,627145,495625,1122770,426199,252049,678248,JALESAR,0,50.85477931904161
UTTAR PRADESH CODE : S24,Etah NO : 71,570113,466746,1036859,401128,193912,595040,ETAH,0,41.545508692093776
UTTAR PRADESH CODE : S24,Firozabad NO : 72,642209,515471,1157680,364133,219062,583195,FIROZABAD,0,42.49744408511827
UTTAR PRADESH CODE : S24,Agra NO : 73,650276,600002,1250278,354263,288309,642572,AGRA,1,48.051339828867235
UTTAR PRADESH CODE : S24,Mathura NO : 74,663260,513288,1176548,348425,192086,540511,MATHURA,0,37.4226555072396
UTTAR PRADESH CODE : S24,Hathras NO : 75,623508,514638,1138146,318400,149158,467558,HATHRAS,0,28.983091027090886
UTTAR PRADESH CODE : S24,Aligarh NO : 76,689319,563855,1253174,365563,199055,564618,ALIGARH,0,35.302515717693375
UTTAR PRADESH CODE : S24,Khurja NO : 77,693603,578381,1271984,324592,164614,489206,KHURJA,0,28.461170059182443
UTTAR PRADESH CODE : S24,Bulandshahr NO : 78,593320,505014,1098334,322063,177011,499074,BULANDSHAHR,0,35.05071146542472
UTTAR PRADESH CODE : S24,Hapur NO : 79,874094,694003,1568097,457870,278969,736839,HAPUR,0,40.197088485208276
UTTAR PRADESH CODE : S24,Meerut NO : 80,696278,573176,1269454,393335,362940,756275,MEERUT,0,63.3208647954555
UTTAR PRADESH CODE : S24,Baghpat NO : 81,724810,596246,1321056,392490,362031,754521,BAGHPAT,0,60.71839475652667
UTTAR PRADESH CODE : S24,Muzaffarnagar NO : 82,669565,547842,1217407,422740,268807,691547,MUZAFFARNAGAR,0,49.06651917888734
UTTAR PRADESH CODE : S24,Kairana NO : 83,604827,494676,1099503,424252,275813,700065,KAIRANA,0,55.756293007948635
UTTAR PRADESH CODE : S24,Saharanpur NO : 84,694097,567799,1261896,457469,321336,778805,SAHARANPUR,0,56.5932662790882
UTTAR PRADESH CODE : S24,Hardwar NO : 85,644267,539503,1183770,407946,265617,673563,HARDWAR,0,49.233646522818226
WEST BENGAL CODE : S25,Cooch Behar NO : 1,572022,544501,1116523,463329,439158,902487,COOCH BEHAR,0,80.6532954025796
WEST BENGAL CODE : S25,Alipurduars NO : 2,538544,500833,1039377,411007,366578,777585,ALIPURDUARS,0,73.1936593635004
WEST BENGAL CODE : S25,Jalpaiguri NO : 3,576482,525416,1101898,451574,392649,844223,JALPAIGURI,0,74.73107023767834
WEST BENGAL CODE : S25,Darjeeling NO : 4,663994,612759,1276753,319740,270283,590023,DARJEELING,0,44.1091848508141
WEST BENGAL CODE : S25,Raiganj NO : 5,585996,558671,1144667,467360,418048,885408,RAIGANJ,0,74.82901385609777
WEST BENGAL CODE : S25,Balurghat NO : 6,571210,536258,1107468,470472,380961,851433,BALURGHAT,0,71.04061850825536
WEST BENGAL CODE : S25,Malda NO : 7,533130,514149,1047279,424972,394798,819770,MALDA,0,76.7866902395998
WEST BENGAL CODE : S25,Jangipur NO : 8,540268,546935,1087203,406128,379669,785797,JANGIPUR,0,69.41757247204879
WEST BENGAL CODE : S25,Murshidabad NO : 9,596126,576704,1172830,450552,385568,836120,MURSHIDABAD,0,66.85717456442126
WEST BENGAL CODE : S25,Berhampore NO : 10,615791,596763,1212554,496778,440868,937646,BERHAMPORE,0,73.87656406312053
WEST BENGAL CODE : S25,Krishnagar NO : 11,562584,521865,1084449,456102,389387,845489,KRISHNAGAR,0,74.61450758337884
WEST BENGAL CODE : S25,Nabadwip NO : 12,685703,634655,1320358,541962,472417,1014379,NABADWIP,0,74.43682000456941
WEST BENGAL CODE : S25,Barasat NO : 13,695738,607479,1303217,562210,481380,1043590,BARASAT,0,79.24224541095248
WEST BENGAL CODE : S25,Basirhat NO : 14,548768,522366,1071134,444877,421958,866835,BASIRHAT,0,80.77822829204044
WEST BENGAL CODE : S25,Joynagar NO : 15,570619,546239,1116858,414605,401310,815915,JOYNAGAR,0,73.46784100000183
WEST BENGAL CODE : S25,Mathurapur NO : 16,546879,529851,1076730,449045,379841,828886,MATHURAPUR,0,71.68826707885802
WEST BENGAL CODE : S25,Diamond Harbour NO : 17,609799,527080,1136879,445217,412992,858209,DIAMOND HARBOUR,0,78.35470896258633
WEST BENGAL CODE : S25,Jadavpur NO : 18,755020,648393,1403413,550321,454965,1005286,JADAVPUR,0,70.16809249945635
WEST BENGAL CODE : S25,Barrackpore NO : 19,576311,463909,1040220,469731,375458,845189,BARRACKPORE,0,80.93354515648544
WEST BENGAL CODE : S25,Dum Dum NO : 20,850769,747275,1598044,644190,565736,1209926,DUM DUM,0,75.7065337392526
WEST BENGAL CODE : S25,Calcutta North West NO : 21,443341,260668,704009,290435,153608,444043,CALCUTTA NORTH WEST,1,58.92859883069652
WEST BENGAL CODE : S25,Calcutta North East NO : 22,544033,380580,924613,394297,264443,658740,CALCUTTA NORTH EAST,1,69.48420831362657
WEST BENGAL CODE : S25,Calcutta South NO : 23,664106,538501,1202607,463736,341532,805268,CALCUTTA SOUTH,1,63.42272344898152
WEST BENGAL CODE : S25,Howrah NO : 24,777278,604682,1381960,582159,413263,995422,HOWRAH,0,68.343856770997
WEST BENGAL CODE : S25,Uluberia NO : 25,564581,536484,1101065,452265,366650,818915,ULUBERIA,0,68.34313791278025
WEST BENGAL CODE : S25,Serampore NO : 26,698904,626471,1325375,501614,424381,925995,SERAMPORE,0,67.74152355017232
WEST BENGAL CODE : S25,Hooghly NO : 27,598178,562692,1160870,496817,434014,930831,HOOGHLY,0,77.13171681843708
WEST BENGAL CODE : S25,Arambagh NO : 28,583228,560179,1143407,521011,423397,944408,ARAMBAGH,0,75.58244775330742
WEST BENGAL CODE : S25,Panskura NO : 29,496917,490038,986955,418877,405687,824564,PANSKURA,0,82.78684510180842
WEST BENGAL CODE : S25,Tamluk NO : 30,559598,538598,1098196,474467,445419,919886,TAMLUK,0,82.69971295845882
WEST BENGAL CODE : S25,Contai NO : 31,502637,488280,990917,420297,403644,823941,CONTAI,0,82.66650282624724
WEST BENGAL CODE : S25,Midnapore NO : 32,562890,536622,1099512,450017,412550,862567,MIDNAPORE,0,76.87906943807745
WEST BENGAL CODE : S25,Jhargram NO : 33,500135,491369,991504,422774,380426,803200,JHARGRAM,0,77.42165256660472
WEST BENGAL CODE : S25,Purulia NO : 34,508065,500001,1008066,370999,321272,692271,PURULIA,0,64.25427149145702
WEST BENGAL CODE : S25,Bankura NO : 35,532495,508830,1041325,378605,362698,741303,BANKURA,0,71.28078140046775
WEST BENGAL CODE : S25,Vishnupur NO : 36,539644,532173,1071817,428292,418047,846339,VISHNUPUR,0,78.55471810858499
WEST BENGAL CODE : S25,Durgapur NO : 37,635539,577102,1212641,449803,435532,885335,DURGAPUR,0,75.46880794036409
WEST BENGAL CODE : S25,Asansol NO : 38,699185,566295,1265480,459527,369620,829147,ASANSOL,0,65.26986817824631
WEST BENGAL CODE : S25,Burdwan NO : 39,614266,602498,1216764,499486,485192,984678,BURDWAN,0,80.53005985082108
WEST BENGAL CODE : S25,Katwa NO : 40,599833,583783,1183616,480579,452510,933089,KATWA,0,77.51339110594176
WEST BENGAL CODE : S25,Bolpur NO : 41,521101,516326,1037427,397308,395563,792871,BOLPUR,0,76.61109454104577
WEST BENGAL CODE : S25,Birbhum NO : 42,527183,516693,1043876,381145,353028,734173,BIRBHUM,0,68.32451765361637
ANDAMAN & NICOB CODE : U01,Andaman & Nicobar I NO : 1,143513,103871,247384,84481,62621,147102,ANDAMAN & NICOBAR I,0,60.287279413888385
CHANDIGARH CODE : U02,Chandigarh NO : 1,335874,249132,585006,167011,115868,282879,CHANDIGARH,1,46.50867813046899
DADRA & NAGAR H CODE : U03,Dadra & Nagar Haveli NO : 1,51691,46685,98376,37698,35809,73507,DADRA & NAGAR HAVELI,0,76.70343793509693
DAMAN & DIU CODE : U04,Daman And Diu NO : 1,36788,35428,72216,25717,26094,51811,DAMAN AND DIU,0,73.65360731624703
NATIONAL CAPITAL CODE : U05,New Delhi NO : 1,317068,225969,543037,137674,89192,226866,NEW DELHI,1,39.47090087578385
NATIONAL CAPITAL CODE : U05,South Delhi NO : 2,687608,506590,1194198,297969,202021,499990,SOUTH DELHI,1,39.87860005132355
NATIONAL CAPITAL CODE : U05,Outer Delhi NO : 3,1801208,1302317,3103525,759685,527819,1287504,OUTER DELHI,1,40.52922598722123
NATIONAL CAPITAL CODE : U05,East Delhi NO : 4,1364693,1029120,2393813,635738,402540,1038278,EAST DELHI,1,39.11497201492538
NATIONAL CAPITAL CODE : U05,Chandni Chowk NO : 5,208691,167963,376654,123406,81047,204453,CHANDNI CHOWK,1,48.25288902913142
NATIONAL CAPITAL CODE : U05,Delhi Sadar NO : 6,302942,226704,529646,168017,110280,278297,DELHI SADAR,1,48.64492907050603
NATIONAL CAPITAL CODE : U05,Karol Bagh NO : 7,340114,231543,571657,161747,96562,258309,KAROL BAGH,1,41.70370082446889
LAKSHADWEEP CODE : U06,Lakshadweep NO : 1,19484,18135,37619,15047,15127,30174,LAKSHADWEEP,0,83.41328921974083
PONDICHERRY CODE : U07,Pondicherry NO : 1,356313,345677,701990,225936,218238,444174,PONDICHERRY,1,63.13350324146529
