pc91_state_id,pc91_district_id,state_clean,alloc_electors_f,alloc_voters_f,alloc_treated_electors_f,Female_Turnout_Dist,EVM_Exposure,Lit_Pct,SC_Pct,ST_Pct,Urban_Pct,Fem_Enterprise_Pct,Agency_IHS,Agency_Centered
2,1,andhra pradesh,879207.1872039224,597402.3349595037,0.0,67.9478447917809,0.0,30.122291640694055,9.331289171911877,5.782937837850663,10.680125117173327,2.706402475223322,1.7212732073144863,0.22354669057984267
2,2,andhra pradesh,985035.970671597,658245.5047035258,0.0,66.82451446465801,0.0,28.755933818351608,10.44290342847056,8.995630659785556,14.794781466557087,4.370609162481859,2.180887358958984,0.6831608422243405
2,3,andhra pradesh,919047.5913839664,628341.0155386465,0.0,68.36871359321518,0.0,38.43667838234694,7.823520562937321,14.266403728716734,34.26407114915781,5.2488400376088835,2.360107510094294,0.8623809933596505
2,4,andhra pradesh,1632613.8611903822,1135228.5516946772,8693.749590464762,69.53441831413534,0.0053250494787088955,40.835396190865026,18.19095707560684,3.873393509095181,20.33756210869294,3.670857155594191,2.0116289864439967,0.513902469709353
2,5,andhra pradesh,1107398.7949167786,778807.9967696797,0.0,70.32769047109242,0.0,45.14271466087853,17.765549351333558,2.4202402544911985,18.0537019173593,2.590667333257037,1.6803876637900732,0.18266114705542957
2,6,andhra pradesh,1506321.7442669864,1011759.1893541182,0.0,67.1675353027892,0.0,45.02958095161366,16.579012894066857,2.480971701074366,30.712038094177274,3.9792820447832966,2.0896754187684636,0.59194890203382
2,7,andhra pradesh,1261207.147207704,805286.2153285932,0.0,63.850432271295496,0.0,39.453722779090036,13.961702936864606,4.421427908796667,24.813787390744434,3.0867524170037597,1.8455287443259019,0.34780222759125823
2,8,andhra pradesh,1124410.8132743014,735918.3789212065,0.0,65.44924419378367,0.0,33.92503386892996,20.029240719840704,3.582749280036069,14.19798591313462,2.9026190316512896,1.7871936353486673,0.28946711861402363
2,9,andhra pradesh,1050158.5677489631,675023.5191996929,0.0,64.27824710763632,0.0,40.58129133120982,21.85460610468762,8.948107647162097,20.384364575756816,6.185701445131123,2.521858213820905,1.0241316970862613
2,10,andhra pradesh,1180639.2005196714,804850.3757786845,0.0,68.17073119581501,0.0,42.41987462692428,18.384134218897266,3.2171337476437323,17.166330407634305,4.096062529084776,2.1177516081614174,0.6200250914267738
2,11,andhra pradesh,862918.375419078,570214.0148753565,0.0,66.07971635769499,0.0,40.821133016634406,14.90182642059222,2.0907773234399096,20.44926092560574,4.152828190768372,2.13112748096016,0.6334009642255163
2,12,andhra pradesh,1151348.7249954497,709888.5762484021,0.0,61.65712966340479,0.0,35.03197737053735,14.190841550417204,3.4928862050358473,19.880338487110112,4.900228198117064,2.292681381520617,0.7949548647859732
2,13,andhra pradesh,1039828.0903479039,654998.1780135708,0.0,62.991006310901135,0.0,32.52493084482332,17.42696998073342,1.8989083169190697,21.48142766422336,5.073675938592516,2.3267859593154077,0.829059442580764
2,14,andhra pradesh,1133399.0128762806,745850.0995776593,0.0,65.80648925084908,0.0,23.894444354170393,17.6266229018053,7.39035764774703,9.243821192375815,9.969074135660062,2.9951409909904245,1.497414474255781
2,15,andhra pradesh,1155955.6241668202,714779.2941434314,960040.7990177192,61.83449253587254,0.8305170016450149,40.25853009013443,17.217549136626427,4.2866558567002855,100.0,4.455188758389327,2.19958037588199,0.7018538591473464
2,16,andhra pradesh,579426.4389948482,300580.0590267401,579426.4389948482,51.87544764925934,1.0,60.08520826373302,8.860279871923773,0.9201068425039393,4.951558183423137,2.5505486517613067,1.6658425601548768,0.16811604342023312
2,17,andhra pradesh,1283706.2101655924,841556.0399279192,50738.960105263184,65.55674758474233,0.03952536780103143,26.516389109172618,17.87479073046083,4.18724116662261,11.919992950920786,8.965658811194672,2.8896444711240266,1.391917954389383
2,18,andhra pradesh,761918.7550343238,516857.63356606406,0.0,67.83631852490363,0.0,28.37546158919373,15.12174553203284,5.927802879667862,16.74474080728596,21.983525200571368,3.783957401329277,2.2862308845946333
2,19,andhra pradesh,784944.763203484,526264.37716704,0.0,67.04476567488287,0.0,26.79917135258505,18.519817489733317,17.07435118793323,18.89805866346446,3.207337582001155,1.8820499186406758,0.3843234019060322
2,20,andhra pradesh,1096519.1214379969,719550.3424265533,0.0,65.6213219048037,0.0,31.295222430654825,18.5555752355731,2.753164952859042,16.98427581230004,10.036973658739557,3.0018952491610627,1.504168732426419
2,21,andhra pradesh,1030648.784311736,722763.8376612056,0.0,70.12707419471367,0.0,32.595592784529195,17.193433308547654,13.66945600163472,16.37571873740613,6.5509052370434615,2.578525724136961,1.0807992074023174
2,22,andhra pradesh,868708.3633406397,624191.696903159,0.0,71.85284765796594,0.0,33.47129648809983,16.253837763092395,25.225910717033823,17.103008427170394,4.067396812434933,2.110930379051228,0.6132038623165843
2,23,andhra pradesh,1138241.7446689187,801420.0022367199,0.0,70.4085934284399,0.0,31.356246572691205,17.678461985097254,9.664414752399292,9.999992987603486,3.176491955433918,1.872828158455171,0.3751016417205273
3,2,arunachal pradesh,20397.823212488973,14456.956448897627,0.0,70.87499630865545,0.0,37.17917734061579,0.49784909855478754,50.73227318865098,11.274107013388758,2.816358024691358,1.7587164929694798,0.2609899762348362
3,4,arunachal pradesh,54593.04934039872,38692.82170479005,0.0,70.87499630865545,0.0,36.44857107008078,0.4555588800200755,67.10806976227934,30.599658330839986,0.6715095277747629,0.6291701171421606,-0.868556399592483
3,6,arunachal pradesh,31728.479543413298,22778.889194316314,0.0,71.79319501632129,0.0,47.708071697682385,0.5308825208357119,59.32754880694143,30.88252083571184,0.28713129731140696,0.28332547445542017,-1.2144010422792235
3,7,arunachal pradesh,30574.467409651577,24849.984901098567,0.0,81.27691831274242,0.0,35.291992412914105,0.44860150738135146,68.57481207912247,12.149373262547295,0.6155861165684349,0.5821438545852863,-0.9155826621493574
3,8,arunachal pradesh,37957.68645572576,30987.337342563096,0.0,81.63652802893309,0.0,39.705610926541155,0.9689922480620154,33.13953488372093,26.647286821705425,12.885326757090013,3.2507387313543403,1.7530122146196967
3,9,arunachal pradesh,37984.70557954075,30357.57572699618,0.0,79.92052396832929,0.0,38.47009279346617,1.1877199059303958,37.31154175705978,17.34909667657193,0.5590062111801243,0.5333568035850063,-0.9643697131496374
3,11,arunachal pradesh,42663.32615094245,27444.707694147968,0.0,64.32857015659972,0.0,25.176591663937874,0.39996257660101975,80.42522337091268,7.096412031622772,0.2948885976408912,0.29077378304610985,-1.2069527336885337
4,2,assam,571101.8420334769,430250.44817465823,0.0,75.33690429761172,0.0,32.42379090224428,3.7611517512449124,41.14872873470479,5.4496358624583,0.9547795361425403,0.8490337259531382,-0.6486927907815054
4,3,assam,206381.25176209625,152525.1875744234,0.0,73.90457528101689,0.0,38.6085597561927,10.741985058010732,17.527921805323192,7.907019366631044,1.6626893546378918,1.2817475555363493,-0.2159789611982943
4,4,assam,211952.5374453261,158600.5837654086,0.0,74.82834868458235,0.0,36.20461250828902,5.500461789708302,17.229022248234795,6.39335501823957,2.1465391224065855,1.5073127488662155,0.009586232131571837
4,5,assam,373947.68679160916,275524.84066376556,0.0,73.68004948170946,0.0,34.054987554658105,6.544683793054423,7.9710809080733425,5.975207464462757,1.3851107533448066,1.129297268371538,-0.36842924836310553
4,6,assam,210922.98588284946,151214.04276077327,0.0,71.6915902398425,0.0,45.569318863821955,8.775568433376952,17.674416316571396,1.95417113509578,1.6072676450034942,1.252828892312565,-0.24489762442207863
4,7,assam,590271.4796332996,381500.7650152385,0.0,64.63140744191843,0.0,53.74684198710946,7.536882440673357,10.71661956000562,28.476039100611928,2.682493625252792,1.7129542405217184,0.21522772378707478
4,8,assam,374409.8093085921,255332.37496933673,0.0,68.19596298527782,0.0,33.51669925935051,4.954344579092435,17.319572548234603,4.172120166915603,3.399904591224971,1.9378523561735195,0.44012583943887584
4,9,assam,319830.4780504212,229035.63621898647,0.0,71.6115729855111,0.0,38.878470420638536,5.687056049798952,10.706971277558527,6.347597078397822,1.3817663817663817,1.1273380759125649,-0.3703884408220788
4,10,assam,176644.24800559971,130518.82261382088,0.0,73.88795507775797,0.0,47.122952641124556,8.007802884033229,23.573119437085253,5.488232468460461,0.9929273626351978,0.8763636240232316,-0.621362892711412
4,11,assam,89914.11989174108,66897.14391094717,0.0,74.40115522622371,0.0,41.68911722323163,6.365933629889523,43.922060021301924,1.5631852640811978,4.821330735983442,2.2767825829060238,0.7790560661713801
4,12,assam,171582.27571053425,122466.14075176688,0.0,71.37458705721555,0.0,37.471274789661116,13.778095991445749,15.39561844791631,4.228038306533559,2.008728019509691,1.4475319644190743,-0.05019455231556935
4,13,assam,431995.5335998439,309966.60884573474,0.0,71.75227166419175,0.0,43.41821208966332,10.019855575645305,3.689471262764959,9.29937126651528,0.8297563512454108,0.7557358056219052,-0.7419907111127384
4,14,assam,280691.0887421422,198404.74735132852,0.0,70.684376992671,0.0,47.46973780817683,5.58655035165005,10.254366643480948,5.130806090115156,1.718636464158216,1.310231182619384,-0.18749533411525965
4,15,assam,242978.35052969103,167054.5745525792,0.0,68.75286386149278,0.0,54.788419730809935,7.611403043597037,12.087497101718766,13.312810058700238,4.40270032286469,2.1880200346690897,0.690293517934446
4,16,assam,290265.30420248996,182867.63493830338,0.0,63.000169944780716,0.0,53.58547461791685,3.5576657272217647,3.7991900729418946,6.22742936817099,2.4369152424304295,1.6235437784593962,0.1258172617247526
4,17,assam,279181.3746591758,169026.77036978048,0.0,60.5437130525373,0.0,48.0010206656006,4.021940473324079,7.954284924941748,15.28676962215228,3.813758103036506,2.0485236349039178,0.5507971181692741
4,18,assam,234175.79883914173,153014.14089428747,0.0,65.34156887808666,0.0,40.59771907349478,2.620219795339955,5.367505188425043,14.231659660164675,9.457039592574338,2.942690234362098,1.4449637176274543
4,19,assam,339729.8162393874,243867.53801315793,0.0,71.78278925077302,0.0,35.88045080674732,4.223634912323852,51.56271926581694,8.662140894461185,4.36051453504845,2.1786334039577904,0.6809068872231467
4,20,assam,97453.54872242111,68990.85505109477,0.0,70.7935790492379,0.0,46.57727733900969,2.5981260071219685,65.53935318731308,19.234620460076524,0.7007958189808766,0.653318404518113,-0.8444081122165307
4,21,assam,138146.15873163118,95585.80971912935,0.0,69.19179700451792,0.0,44.057707816695945,14.58196050361339,0.17290097610460148,6.439775446368657,0.5041870202372645,0.48495367026411634,-1.0127728464705272
4,22,assam,167973.40390811858,118222.02420338847,0.0,70.38139458557136,0.0,42.32465126222586,12.04926867506369,0.1592257397872833,6.5380538383424485,0.9450770780075916,0.8419991913388212,-0.6557273253958225
4,23,assam,351225.2229785938,233717.50376323724,0.0,66.54348505530928,0.0,48.29350370458744,14.696906741485208,1.3627780497537818,8.540174512603002,4.273534633968194,2.1590044334879557,0.661277916753312
5,1,bihar,1388343.8381620753,754551.7461690214,0.0,54.34905427807538,0.0,45.52481875711505,15.479860074495381,0.14841588840451814,31.613910852628553,0.008770330561217956,0.008770218131374635,-1.488956298603269
5,2,bihar,601431.4208488201,403911.0248734538,0.0,67.15828453116079,0.0,37.590484460671824,19.40185035498087,0.0168168589010483,11.932562393799785,1.161020175104682,0.9907776735417704,-0.5069488431928733
5,3,bihar,1022195.1884123617,499366.6594768161,0.0,48.852378208942184,0.0,37.47494746475113,14.358188156213256,0.2528079843163231,9.170139217975544,1.389350423292982,1.131776477276121,-0.36595003945852267
5,4,bihar,914192.399291422,487188.61941389606,0.0,53.29169437325329,0.0,35.743177904529446,18.81128078367696,1.6229269982779928,8.157659311507453,0.5753904234522239,0.5476081481559791,-0.9501183685786645
5,5,bihar,769190.7791233608,469105.2438637187,0.0,60.98685223428619,0.0,35.868721054969264,23.264726738130427,0.03272752774696946,6.1362166458439935,0.3647190174916264,0.35708204609297367,-1.14064447064167
5,6,bihar,520673.86004924186,323773.526594844,0.0,62.18355700903126,0.0,36.88484126308622,18.391607796408206,0.020257043152608734,5.183079411013703,1.200372197661497,1.016211387510014,-0.4815151292246296
5,7,bihar,930040.761636002,563009.063280629,0.0,60.53595568115311,0.0,32.01651304055122,29.58166138359946,0.05508849997542032,10.93409156324126,1.031650618344209,0.9035778105641596,-0.594148706170484
5,8,bihar,514263.8967101596,357792.4884144228,0.0,69.5737131661948,0.0,30.95542085204465,24.417037951186078,0.09163826566859896,5.613983734575574,0.48824796885232086,0.4706758617367141,-1.0270506549979295
5,9,bihar,1311832.733880914,799906.0881919707,0.0,60.976225667546494,0.0,32.84250169064664,11.710390286749217,0.12557423687708416,7.376932584007649,2.797938054001957,1.7525351670634994,0.2548086503288558
5,10,bihar,544338.0344648999,349597.8631316464,0.0,64.22440487284914,0.0,30.66701489794198,11.140959506138037,0.5826885757571151,4.296510639709144,0.02808199943836001,0.028078309842861585,-1.469648206891782
5,11,bihar,505703.51438068895,272415.14002973586,0.0,53.868547930371754,0.0,27.59497978654118,12.226766257312343,1.1246193474191903,4.532274058123228,0.051524519609625986,0.051501749124509826,-1.4462247676101339
5,12,bihar,688921.4301171157,317853.6959735483,0.0,46.1378732142958,0.0,22.219760668407563,14.36576613791348,1.3328385467329087,8.18176208591975,0.8145236454998582,0.7439691866227566,-0.7537573301118871
5,13,bihar,879508.990137024,494911.8169521651,0.0,56.27137670020404,0.0,21.832260345750544,13.069537547883527,0.04199718638568205,4.6320136204959415,0.2954283313193503,0.2912914388259328,-1.206435077908711
5,14,bihar,746570.582717832,428830.36852971464,0.0,57.44003024718589,0.0,22.46247640074514,12.119364665198965,0.01647505012554908,4.55200617187157,0.7811307312604957,0.7178659338660927,-0.779860582868551
5,15,bihar,980292.3135302346,584225.6835739227,0.0,59.59708910396386,0.0,28.843025651146974,15.720286008037501,0.03913466352822012,7.7910479795714345,0.5943183013087837,0.5639467801520199,-0.9337797365826237
5,16,bihar,543331.8851309791,342121.13790152577,0.0,62.96724842847238,0.0,31.968183629107227,19.845531239734118,0.06560845081579542,5.384179882715575,0.499414748341787,0.48068829880073943,-1.0170382179339041
5,17,bihar,592426.5819531719,288031.76829792623,0.0,48.61898116528025,0.0,29.242830921553274,14.498562630147132,0.04970318601830642,7.950581147063572,0.008273880466123299,0.008273786068056994,-1.4894527306665866
5,18,bihar,660825.7379374815,406979.12916335615,0.0,61.58645249405511,0.0,28.721214282743496,18.03451617616802,0.01994899388243123,4.063816168917186,0.8815679508263015,0.7951035738981304,-0.7026229428365133
5,19,bihar,816162.4807763054,495506.8449713325,0.0,60.71178921383689,0.0,27.784922015851315,14.55786414672641,0.010314784112365036,7.201153025596993,0.8578094494373628,0.7771763036534255,-0.7205502130812181
5,20,bihar,940775.4750296435,570192.349006446,0.0,60.60875991569395,0.0,26.599386163394094,12.771325384248156,0.021080329827713323,2.951634590667311,1.3412541741232036,1.1033557750712348,-0.3943707416634088
5,21,bihar,658186.357393617,379001.86140710773,0.0,57.58275861382708,0.0,22.966693519129755,15.479179106467459,0.297302822255817,5.675175153741798,0.4370210727969348,0.4241853019055113,-1.0735412148291323
5,22,bihar,400127.5264497602,228265.3534394123,0.0,57.04815048960976,0.0,21.92143030603563,16.340495845312837,0.7065430591336038,5.291643245427976,23.779286183490257,3.8624038831965586,2.364677366461915
5,23,bihar,686635.0474416957,381598.78573370003,0.0,55.57519779327937,0.0,22.3852444401866,12.479635528518243,4.372007866367554,6.874822035409299,1.2507786002205261,1.0480793080007123,-0.4496472087339314
5,24,bihar,465761.5024037367,259783.4409454185,0.0,55.7760655624625,0.0,22.383394142589488,8.767818207715655,5.57648270497102,7.72299466412473,0.7402327556848104,0.6853150624648723,-0.8124114542697713
5,25,bihar,407339.43659354834,223959.94835524066,0.0,54.98116024025252,0.0,25.503759520353476,14.487650763198332,0.003545283911400316,4.835969842802111,0.6128752050960332,0.5798338953946607,-0.917892621339983
5,26,bihar,1123136.7127794083,584833.3357659457,0.0,52.07142898202197,0.0,33.111211110228766,16.46982199830263,2.3091299521213373,13.537625648401141,1.4044446691780648,1.140562745176825,-0.35716377155781864
5,27,bihar,1078511.2189889569,511219.1810112394,0.0,47.40045091885817,0.0,30.823916906663634,10.412365951167084,3.457798681080953,9.923805711277323,0.19437194928857682,0.1931683909009904,-1.3045581258336532
5,31,bihar,1477513.1810368958,765848.1748347607,0.0,51.83359340979282,0.0,29.713335898224546,12.399034200573778,12.762119914737013,11.132842431731206,0.6393401787938335,0.6022649010385747,-0.895461615696069
5,32,bihar,688318.7594057261,317497.36339691974,0.0,46.12650157479908,0.0,45.141590435537196,15.538999293739634,8.422855916528924,42.746362048730845,1.0493954960023066,0.915873769629072,-0.5818527471055717
5,33,bihar,777247.5507571064,318321.35648000275,0.0,40.95495137552125,0.0,28.184301813541346,13.314071571076802,12.218667433542427,12.610762621996155,1.1396498913396875,0.9767571928631933,-0.5209693238714503
5,34,bihar,1046709.9269589401,438837.929447072,0.0,41.92545786988476,0.0,29.77840328829095,18.890405775328254,8.812453754891783,14.771672251247036,1.258544475588004,1.0529196013998794,-0.44480691533476424
5,35,bihar,920402.7407234763,360734.4824662885,0.0,39.19311259142228,0.0,23.945951172307666,25.07189362232482,18.083698903920585,4.385867931140413,0.4626227991400659,0.4475333596890282,-1.0501931570456153
5,36,bihar,70344.17961109386,18869.846558479985,0.0,26.825028968713788,0.0,32.16182161821618,3.779691643070277,56.41117949641035,9.212976745152067,1.5180695593066726,1.204744789956931,-0.2929817267777126
5,37,bihar,422695.82200161973,148323.97840453885,0.0,35.090003421886315,0.0,31.9449451288415,5.311982224933621,70.79765957004305,3.7736486720694367,2.0717876014950383,1.4752865304782292,-0.022439986256414413
5,38,bihar,537735.4556703649,238057.15259327297,0.0,44.2703098862061,0.0,41.903563066383384,5.566229819769038,43.55921822833109,27.655904479035687,1.5677518107651764,1.2317669949469772,-0.26595952178766646
5,39,bihar,1044754.7203895218,470234.7697168809,0.0,45.00910697408102,0.0,49.733120573707076,4.785479775436926,28.924150449324525,45.224067130869486,0.5760467150212729,0.5481769147591514,-0.9495496019754922
5,41,bihar,407339.8454723183,219823.51744299248,0.0,53.96563088202259,0.0,20.484066521141845,13.659891365182503,1.291791332793096,5.121807750872094,1.094021494304653,0.9463193611733933,-0.5514071555612503
5,42,bihar,233051.31340159784,130966.31801807227,0.0,56.1963441040081,0.0,17.499519869282505,6.6209263830051,3.5392492889492706,8.1511461660165,3.596876733370312,1.991999504979951,0.4942729882453074
6,1,goa,302087.79615765926,128296.41332789746,254153.63695489298,42.46990939711438,0.841323748220039,68.82539816246593,2.490959741517801,0.0225630411369366,29.473649376357542,4.393309142401983,2.1859378523731223,0.6882113356384787
6,2,goa,169019.25812952954,70098.50730329318,164604.68691782994,41.473680620212235,0.9738812531746148,63.77208216416596,1.5453801964003175,0.04475345007515015,44.07224711825406,5.209809046830417,2.3527764498368766,0.855049933102233
7,1,gujarat,614131.1062187032,188950.79571247092,0.0,30.767175575239815,0.0,49.70452007536657,7.931141665355554,0.4575461863263147,34.10919198392385,0.8603013289544976,0.7790664923003111,-0.7186600244343325
7,2,gujarat,842106.4747934672,291315.8016121168,0.0,34.59370166742444,0.0,56.46826208115596,7.311459030230037,0.18674511419891318,39.89957527916307,1.1442332725852644,0.9797767411527163,-0.5179497755819273
7,3,gujarat,401316.95131800557,166298.10084784625,0.0,41.43809532632246,0.0,45.27873918826807,11.294661469535235,0.7842848539795777,25.30681494815001,0.6679851044581431,0.6262417900165108,-0.8714847267181328
7,4,gujarat,685131.1751782728,249997.8073281116,0.0,36.48904273886845,0.0,47.32843344709004,6.0424707224089085,0.14598438237611613,29.30302710353199,0.9093885116894049,0.8158290922198672,-0.6818974245147764
7,5,gujarat,361815.40388434567,142813.7395875073,0.0,39.47143710696125,0.0,49.981358610046875,9.120629352485132,0.16262317488018815,17.983073458253266,1.3082446533732823,1.083467917047209,-0.4142585996874346
7,6,gujarat,749922.2582442815,274812.1677642918,0.0,36.64542087438266,0.0,50.84746116577218,8.911756391503634,0.46161381526010514,27.548093645596673,1.54299918967117,1.2183806186372195,-0.27934589809742416
7,7,gujarat,420690.0297716941,170867.12835707873,0.0,40.61592057453971,0.0,43.30676978424674,11.899736001463754,6.948317910316537,25.566274087985253,1.1530999206279213,0.9855986956202781,-0.5121278211143655
7,8,gujarat,675836.5821338999,318701.80713062163,0.0,47.15663750019956,0.0,31.459073383711477,10.63466843739278,6.90869878450627,8.347074648868157,2.4898860876952593,1.6434683695975794,0.14574185286293573
7,9,gujarat,654193.963104112,343514.25380710326,12500.688380653128,52.50954199839269,0.019108535213834894,49.48588541388666,8.652672271541539,18.409038513735272,8.904448732202743,3.2008714400410843,1.880123480930505,0.38239696419586133
7,10,gujarat,2136651.1218944653,875831.2575280922,1109603.4821896139,40.99084069239788,0.5193189804453345,54.501890864283254,8.974542261072022,0.3712629475697884,18.653759092657456,2.8858201231137985,1.7817075641407871,0.2839810474061435
7,12,gujarat,913132.8728936022,361166.1210457095,359990.8294297329,39.55241693371742,0.3942370712040709,61.697688289337435,11.534104208994437,0.886623632911909,63.439155885319956,1.662862571591603,1.281836828111614,-0.2158896886230297
7,13,gujarat,1187784.0514952817,500031.591387683,0.0,42.09785362568233,0.0,55.534821298051064,5.913864902088031,1.1922181919423918,19.483785768652766,2.007226207302425,1.446862470664875,-0.05086404606976869
7,14,gujarat,910394.8026634138,364874.7366190317,0.0,40.07873678008366,0.0,35.32601195485405,3.666112399440411,47.18656391300936,8.873597307046003,2.922199364129418,1.7935523363221766,0.29582581958753296
7,15,gujarat,968159.2817337363,396809.0313614606,0.0,40.985924408106975,0.0,54.02228760264241,6.21036312026437,26.595492634992766,36.98110764789083,2.1236199214205755,1.4975915317471804,-0.00013498498746322696
7,16,gujarat,582901.2388099857,283394.13749487576,0.0,48.61786502177201,0.0,51.83116719324513,4.272885143372711,45.5297530309253,18.013122960653753,2.3686928190135417,1.5973293141264269,0.09960279739178324
7,17,gujarat,1056822.6244134367,448074.1744136326,0.0,42.398238272228994,0.0,53.8943759380794,3.6629683039524417,36.054033373554255,42.168368698313664,2.0547885438645173,1.4678725614618235,-0.029853955272820087
7,18,gujarat,838524.4023462324,324239.7282112939,0.0,38.66789413689754,0.0,54.54364779966803,3.0286998222362893,54.350610395680675,20.979614219624672,1.8945326747883402,1.3954491052360776,-0.10227741149856606
7,19,gujarat,198879.81489992462,95918.98497022637,0.0,48.229623010506295,0.0,37.13694817858159,0.728012158982865,93.95867889042341,9.310088763350938,1.2414098869430281,1.0422155472100676,-0.45551096952457604
8,1,haryana,467002.29162959603,263087.69426766795,184816.156546976,56.33541825879017,0.3957499992174843,55.42234693493828,22.990425095668463,0.0,30.090036691563448,4.838997190153824,2.2803641612332064,0.7826376444985628
8,2,haryana,260909.10299992116,158866.3140225164,15367.442094497563,60.88952520087595,0.05889960111703042,49.91555944906799,24.961673236968903,0.0,28.278459142453887,1.1553335677137004,0.9870613111192371,-0.5106652056154065
8,3,haryana,228538.80294726853,146893.6507638126,40271.42568635722,64.27514665757037,0.17621263945995716,48.37283060957125,19.77091424004935,0.0,20.176090400549583,1.3038569399424553,1.080800487011576,-0.4169260297230677
8,4,haryana,278904.06294104265,171796.3357976393,27432.270528561334,61.59692834376358,0.09835737148927882,34.568845652961514,21.424305031969997,0.0,12.12448715814623,0.31485624326787637,0.3098732986948655,-1.187853218039778
8,5,haryana,278549.7018361081,176325.22603430544,273332.93085394846,63.301172060866506,0.9812716691212648,45.51076601072255,20.0230978429595,0.0,22.83694796889129,1.4660583872952944,1.1757871250827858,-0.3219393916518578
8,6,haryana,231764.62065089244,140105.21845001559,150406.55333932216,60.45151242521023,0.648962524637787,44.200906777556355,17.888880757191654,0.0,22.26763975088212,0.48954485705830386,0.4718409623320469,-1.0258855544025967
8,8,haryana,1240914.862033879,628633.1364378218,930443.7698480679,50.65884499178954,0.7498046790438596,50.9526674134665,18.404893050227635,0.0,17.788340854779868,0.6809222625610034,0.6369674496187808,-0.8607590671158628
8,9,haryana,333648.432622732,159832.9068240429,0.0,47.904587942354155,0.0,47.64757250006769,16.057174189705126,0.0,39.66545720397498,1.0527921104135425,0.9182149834261868,-0.5795115333084568
8,10,haryana,402402.9066727266,204032.24326747115,3411.752675393092,50.70347154162336,0.008478449381996793,40.99983421895313,13.587065588217332,0.0,16.772417523929185,0.5930097793188317,0.5628215988676305,-0.9349049178670131
8,11,haryana,221626.39753444208,121054.0256718154,23843.74908605068,54.62076134364945,0.10758532986732873,52.65995081028267,19.303193802031444,0.0,12.704937101015402,1.1271035010897952,0.9684563918126792,-0.5292701249219645
8,12,haryana,260246.84116606278,141724.51107218026,0.0,54.45772576418949,0.0,46.50350727192467,15.45898112394023,0.0,10.170721942191243,0.4840140901879588,0.46686807817143694,-1.0308584385632067
8,13,haryana,345328.3651373585,219994.24244926864,7748.910715427525,63.705812976516796,0.022439253469217053,43.70405661751416,18.966270603780934,0.0,14.17587508488942,0.3541724700545187,0.34715720719224297,-1.1505693095424006
8,14,haryana,323593.51516899,183747.07853819738,18470.53894921418,56.78330063018701,0.05707944715631376,37.98229474698475,19.562684819084957,0.0,14.129834368873976,0.4228676998870984,0.41118282063330275,-1.0865436961013408
8,15,haryana,501460.37830608425,289569.7697422029,0.0,57.74529399917089,0.0,38.80910793143789,23.206337951051538,0.0,17.460265830511634,0.6975013095380318,0.6506183576455741,-0.8471081590890696
8,16,haryana,277190.68940392014,143054.24026978854,0.0,51.60860221438788,0.0,37.82339607940359,26.650072603637266,0.0,17.484306104017993,1.199009170443765,1.0153386659739252,-0.48238785076071844
9,1,himachal pradesh,744529.0174948786,337669.9056494917,0.0,45.353491632287444,0.0,36.33844072761298,19.748223938812977,28.353157752882126,6.452810422949202,1.8124369157853162,1.3564647430539547,-0.14126177368068893
9,2,himachal pradesh,597767.6107324917,340342.38490348554,0.0,56.93556806907575,0.0,59.784578799255925,21.165482185078936,0.13798131630768812,4.319241068690847,2.5032197447702806,1.6484262661975173,0.15069974946287368
9,3,himachal pradesh,234795.11215782628,131959.78437386084,0.0,56.20210027419955,0.0,63.329039955529645,23.690497173149666,0.060468836856162805,5.308241929579565,2.448016516737944,1.6277500067207487,0.13002348998610502
9,4,himachal pradesh,286388.04192446766,157182.09024936557,0.0,54.8843063394459,0.0,60.004124049287675,22.464965408214788,0.014539917360396965,7.245901726020372,1.140971888102275,0.9776288331981812,-0.5200976835364625
9,5,himachal pradesh,194994.54600782416,108061.41810347988,0.0,55.41766183508739,0.0,56.42157576332066,25.82408839928636,2.7025563074881425,4.91829362835873,1.8354739789342698,1.367539798934754,-0.13018671779988966
9,6,himachal pradesh,156567.51238015346,84851.44156580267,0.0,54.19479448570358,0.0,52.38880330563184,28.980694821554614,1.2129494623711312,6.327636751454199,1.6349746043739244,1.2673753652490556,-0.23035115148558805
9,7,himachal pradesh,86563.84528230739,44346.37858860801,0.0,51.22967729077058,0.0,44.93076129510104,28.92848640355518,3.608745106337954,6.03672891757486,2.9779612652540832,1.8114540639970835,0.3137275472624399
9,9,himachal pradesh,246748.7908168152,118026.63163788842,0.0,47.83270922916525,0.0,54.671009582056485,27.12680837830659,0.7076403780992673,17.90950495947548,2.1776059277474884,1.5203544763213028,0.022627959586659196
9,10,himachal pradesh,162972.1557434111,86758.74619609886,0.0,53.23531851213576,0.0,53.090763548086684,31.26785396632729,0.6406500151726015,10.611403517950757,2.939823405988221,1.799243203625218,0.3015166868905743
9,11,himachal pradesh,213661.30056309717,113080.52019944548,0.0,52.92512958660534,0.0,42.10958795875637,30.183436705777005,1.6099764284491498,8.59189612715469,1.1957095129242132,1.013223530750655,-0.48450298598398867
11,1,karnataka,1145741.7264440681,624068.7821067295,966978.8602872426,54.468539261775305,0.843976297597509,65.33571308420755,14.708641702840286,1.1082703988831124,74.07962370344286,4.909204785141752,2.2944746832668237,0.7967481665321801
11,2,karnataka,1306433.4837889348,767677.1595052537,545757.2483736649,58.761289344699485,0.41774591293454366,42.34876529559632,19.51949385426914,2.9467593118311446,15.267267274446358,6.388878858999819,2.553775248379327,1.0560487316446832
11,3,karnataka,1240702.9356520127,811037.7379334657,0.0,65.36921245432939,0.0,43.83975247278858,11.356019607066179,2.3182235993577422,19.92972999821967,3.5759880800397332,1.9863891451121225,0.48866262837747887
11,4,karnataka,665855.9366860039,436215.60378521046,0.0,65.51200939294405,0.0,36.706678828332166,19.319377046196692,8.819306150176818,24.863657430431957,5.648216521655376,2.4322328871053776,0.9345063703707339
11,5,karnataka,385964.092331569,235302.38343806466,0.0,60.9648379507605,0.0,35.918197034873444,20.706594531923127,8.298707276170212,15.827067729045593,4.023609853022821,2.1004229292160526,0.6026964124814089
11,6,karnataka,1024215.9137958353,641245.9284868491,0.0,62.60847149995303,0.0,44.661149799008875,17.413379144054453,1.350243682526238,19.53329758639886,4.15942587704991,2.1326708939666337,0.63494437723199
11,7,karnataka,388304.06157463655,261636.50124752556,0.0,67.37928524016635,0.0,52.213985685399244,19.252459738342232,2.608320398551829,14.502847290282055,4.691213446767471,2.250009411034268,0.7522828942996242
11,8,karnataka,799847.1090761094,546297.5718396736,0.0,68.30024959028647,0.0,46.25582966397195,19.84312362212633,14.60166580827841,22.786103557854986,4.89245856270493,2.2911266510270454,0.7934001342924017
11,9,karnataka,875872.5466465495,600482.3426021644,0.0,68.55818747844413,0.0,65.17991555393236,6.515619850170584,3.940185520052972,24.735512184403607,25.423668804088223,3.9292143187678588,2.431487802033215
11,10,karnataka,1196989.6238326742,790772.1911944677,0.0,66.06341236797628,0.0,48.50009277364657,11.717996660148723,3.000128455818335,29.31964089462341,5.370988355580801,2.3827148463100714,0.8849883295754277
11,11,karnataka,1047265.6542054608,600468.6617758508,30733.801882169304,57.336804598200466,0.02934671041559786,30.657482140014846,23.648374680355932,4.141285872458387,19.154788087069434,5.704978461670346,2.442080618565545,0.9443541018309012
11,12,karnataka,554805.5929205344,392327.922029022,0.0,70.71448576496519,0.0,48.22295442904432,17.416180581569286,1.0563272607735061,14.88758246882812,2.127316683218784,1.4991653182493945,0.0014388015147508426
11,13,karnataka,358067.47412414895,257275.69473045206,44907.35727987474,71.85117703297719,0.1254159076853333,58.404561320899575,12.080744387917004,8.252960866405298,13.693584874758166,2.9318593224722007,1.7966753673436524,0.2989488506090088
11,14,karnataka,835500.3076668947,583634.0253511784,7282.460417870184,69.85443571899523,0.008716286937351584,42.3465947099742,25.72975011378558,6.902420463992559,19.79070670656041,5.456925290888974,2.3983243330638504,0.9005978163292068
11,15,karnataka,640141.6850065405,450619.433060106,0.0,70.3937024590895,0.0,41.0795840848858,13.781901197659414,0.7258689324934595,13.917515115174528,4.993827653886802,2.3112271256271852,0.8135006088925416
11,16,karnataka,1267934.5454697532,908779.2887950204,545295.7835813422,71.67399074676442,0.43006619350316483,40.03604402881753,18.891551327670175,3.225953217327674,25.53612649280352,8.333471928861687,2.81700794368488,1.3192814269502362
11,17,karnataka,868426.5764613168,499613.7992543876,0.0,57.530920033588174,0.0,28.592437638724316,17.226946599552274,7.804364455923602,16.95056944344031,5.609810908857427,2.425515247071975,0.9277887303373316
11,18,karnataka,730167.8612454894,505734.07362268073,0.0,69.26271347523033,0.0,52.02708540721582,17.69532111163069,3.8805799766765134,22.723957054202756,2.1051224711778005,1.4896829720479021,-0.00804354468674151
11,19,karnataka,821367.1058419194,568443.3116444885,0.0,69.20697305765874,0.0,46.2279996825423,17.717088808792017,7.269954840340893,14.19617064479042,6.209579412141902,2.525661775986889,1.0279352592522453
11,20,karnataka,527898.8641132741,344575.526664247,27911.676127277053,65.27301914980244,0.052873150568643563,56.486158687492825,7.538557356628915,0.8332650418763213,20.654860439578453,3.858313555147553,2.0597630946553873,0.5620365779207437
12,1,kerala,374957.31500868616,288737.22055992513,0.0,77.00535741067922,0.0,69.79910555964118,7.649966215837865,2.732877402688547,14.103394468356745,11.378517843979012,3.1267997289696585,1.629073212235015
12,2,kerala,633728.7081728423,498010.59845702763,0.0,78.5841941566581,0.0,79.38742129929605,4.051245999181961,0.810178143265147,44.41644124709612,3.5498582521878466,1.9793281435097714,0.48160162677512774
12,3,kerala,471309.86537629867,356105.4729704369,47074.859138783046,75.55654976288659,0.09988091189476374,70.61333555513235,4.141324271567321,17.105224004951438,2.9254844315368502,2.4296675191815864,1.6207887866512,0.12306226991655644
12,4,kerala,849810.304372825,641336.0781083424,8322.412839383669,75.46814563300215,0.009793259503396769,79.05265805604019,7.046723571255995,0.20637869326064975,33.32395653184557,3.1268728360571796,1.857821486609633,0.36009496987498935
12,5,kerala,1012162.0029811759,655327.5356158506,0.0,64.74532077727466,0.0,71.93303039404715,8.259164882296139,0.340887437708513,7.550616374869604,1.1913715815758597,1.0104376136371696,-0.4872889030974741
12,6,kerala,1027666.9060875654,690271.1351735505,18327.02482770289,67.16876169550738,0.017833623637327954,69.63129162320259,15.890455811454371,1.4887280222144332,13.627328957890384,3.394352509532058,1.9362845267713358,0.43855801003669215
12,7,kerala,1233523.0628479891,861276.3328181771,0.0,69.82247505203839,0.0,79.11384566824887,12.220898538748429,0.1479919526864138,23.180120928897008,3.2678965306467336,1.8999220562509564,0.4021955395163128
12,8,kerala,1115600.4281582702,740607.0429377637,559266.4796636342,66.38640719781921,0.5013143286319097,82.03029494156684,8.580005366962512,0.17538466780915762,43.215761831809616,4.015670559927438,2.0985062260547784,0.6007797093201348
12,9,kerala,630328.5472180763,421371.50281424803,0.0,66.84950327475254,0.0,75.77569462352027,14.555880623264253,4.6628870588628155,4.126649017778132,3.291850662384584,1.9069079692559396,0.409181452521296
12,10,kerala,879718.8876239636,605021.8607992781,38826.52033636581,68.77445389781094,0.04413514462697569,85.07557140051995,7.431939794483422,0.9843179703665377,15.544358577038086,8.54119609841173,2.8414576637059907,1.343731146971347
12,11,kerala,523243.61468476243,390558.03137886524,0.0,74.64171953902657,0.0,83.37141849184772,9.511961971140561,0.13996483140009303,26.971138062488976,8.00885976040898,2.7775706000386515,1.279844083304008
12,12,kerala,579083.378179164,409063.1230392279,0.0,70.63976250284753,0.0,83.48163644503389,13.298724598849478,0.5824971472618764,11.546268214606691,3.308294991205416,1.9116768577304206,0.413950340995777
12,13,kerala,901733.3068720826,629746.2926556236,0.0,69.83731086079952,0.0,79.42955665597538,12.698592686555632,0.1613247570367749,16.239388660580854,5.545716042826944,2.4142043322785014,0.9164778155438578
12,14,kerala,1200488.8669666024,761673.9692621081,539014.5421428826,63.44698316001109,0.44899586907862427,77.80934281302495,11.655235606536236,0.5491320652266133,29.661751480494797,4.877145582060193,2.288055520935412,0.7903290042007685
13,1,madhya pradesh,487908.5843060307,130951.30360081283,0.0,26.83931125890507,0.0,32.40906268889858,19.890457822929612,5.566318674316341,16.402096606168456,2.0850040096230953,1.481016727243152,-0.0167097894914916
13,2,madhya pradesh,352677.9924545071,132461.27168173873,0.0,37.558700717291075,0.0,39.06415094339623,21.337653814602135,0.26997538966365875,16.513945857260047,0.9507962918944617,0.8461498934497322,-0.6515766232849114
13,3,madhya pradesh,515274.4046267553,202047.2374298887,434045.7923593768,39.211580395933666,0.842358534524498,46.83472437544687,20.43947020055075,2.900729854666185,48.483941073615505,2.9669908090798747,1.8079560275638247,0.31022951082918104
13,4,madhya pradesh,171943.14510399202,66331.43833758838,30836.425039381527,38.57754160392426,0.179340822344104,34.90766230063308,24.67494455196219,1.7107517467078122,18.149612557624327,2.1640321760190444,1.5146752476887486,0.016948730954104985
13,5,madhya pradesh,474582.29763744987,198589.60833819324,117138.78260124165,41.84513609690154,0.2468250147221633,26.018886526381387,19.363499876873053,11.276663162623777,12.26582710858208,2.568267256377005,1.6722907955103559,0.17456427877571223
13,6,madhya pradesh,441846.11823046213,196198.56257681167,0.0,44.40427435745325,0.0,27.257907819252896,18.079823432039728,12.014344620423913,15.723676026488247,1.358288153189526,1.1134960192447738,-0.3842304974898698
13,7,madhya pradesh,336042.09189427755,147696.33039548757,0.0,43.95173520165873,0.0,27.599701964969192,22.75270001243584,4.129336999603541,13.495438597237117,2.650474918747323,1.7017109513662292,0.20398443463158555
13,8,madhya pradesh,410306.348942535,165177.51841999896,0.0,40.25711979492979,0.0,27.870105243524605,23.697753860713807,3.7546758589246303,15.590600271484773,2.4622310131978313,1.6331120185850285,0.1353855018503849
13,9,madhya pradesh,268517.80123799416,91638.27078172466,0.0,34.12744717826112,0.0,26.682074875171708,20.404828874401296,14.902354112610746,10.567559906678586,1.801491321511373,1.35116476084267,-0.14656175589197362
13,10,madhya pradesh,513759.4439732562,201124.20637835498,10253.091484173872,39.1475443882691,0.019956988829012354,42.447394485524384,21.085416595862444,8.464159307073462,23.802720824209704,4.954141339851608,2.303404830867648,0.8056783141330044
13,11,madhya pradesh,254825.49434589513,88108.75170843214,0.0,34.57611332594338,0.0,36.872707028531664,20.080723729993043,12.371774530271399,14.768100208768267,4.429006858868818,2.1938302252463946,0.696103708511751
13,12,madhya pradesh,475905.57903438533,200632.03636930062,0.0,42.157950065721856,0.0,35.47547946476828,17.845493058474776,13.812898189143596,15.990962095942088,2.136390819293506,1.5030188835295413,0.0052923667948976405
13,13,madhya pradesh,558959.0135531178,239424.9523256177,0.0,42.83408023133438,0.0,34.972125168892084,14.785654156594235,12.418431793963551,12.380682282231298,2.7659880672123207,1.741727414286743,0.2440008975520993
13,14,madhya pradesh,587617.9098706229,227609.7169170772,0.0,38.7343055910584,0.0,27.724813576784452,7.703255658666679,46.311089133788165,17.015209289064835,1.4629980320077234,1.1740613967531426,-0.32366511998150105
13,15,madhya pradesh,583576.129090337,217909.77092416797,0.0,37.34041885226525,0.0,22.539270179710126,11.369821920820367,30.434953554375383,5.061328028867787,1.6939461196646217,1.2977469213994772,-0.1999795953351664
13,16,madhya pradesh,522020.06017603143,271491.0668946024,0.0,52.00778429914214,0.0,39.83589333388203,15.858393218141881,4.798393526782269,19.199489714559082,1.582815149802148,1.2398400565857184,-0.25788646014892525
13,17,madhya pradesh,285637.23042593733,142976.83179177533,0.0,50.055390741105676,0.0,35.787456990928995,13.723391995785523,23.269759478458425,26.545651350772932,1.9621774134679633,1.4265916097449862,-0.07113490698965741
13,18,madhya pradesh,474223.9381691838,248797.80313360342,0.0,52.464201637337524,0.0,40.345791946415474,24.55508912677881,2.108328766251701,33.14435978673777,2.3474236856752335,1.589025353577294,0.09129883684265039
13,19,madhya pradesh,396847.2201556409,213511.75679366628,0.0,53.80200388197965,0.0,31.742704798836645,22.321667474551624,2.36490547746001,14.50984003877848,1.0675659687380614,0.9283522263160634,-0.5693742904185802
13,20,madhya pradesh,425858.91202657117,219469.64289169936,0.0,51.53576376910617,0.0,35.297594231805355,18.154258967099274,15.04081516182421,21.047739084761467,1.4795918367346939,1.1833892296051116,-0.314337287129532
13,21,madhya pradesh,373832.4769564597,183143.26694438583,0.0,48.99073200794069,0.0,14.536471441651443,3.0644768910257825,85.66593389095058,7.1667234309827,1.9203816907708364,1.4074513858321125,-0.09027513090253114
13,22,madhya pradesh,454985.0933873071,242592.94284873278,0.0,53.318877118074056,0.0,27.543344653988704,6.939751881656736,53.47854194639217,10.856420742248861,1.599075233599846,1.2484931008160995,-0.2492334159185441
13,23,madhya pradesh,617875.8045821029,309958.9471678431,0.0,50.165250826981676,0.0,54.955975630680065,16.65474708796431,5.496605234991816,58.1883148184965,2.883193215652503,1.7808471094299971,0.2831205926953535
13,24,madhya pradesh,708151.400618349,387275.5222043071,0.0,54.68823783531924,0.0,28.411796842574365,9.768091237549173,46.270513667717694,12.541165520307995,0.8610358805805379,0.7796232344067789,-0.7181032823278647
13,25,madhya pradesh,470198.5899943502,241168.52099813957,0.0,51.29077928562853,0.0,36.26107279511505,11.396544715163216,26.76825954729538,22.63942187471624,1.907223758609149,1.4013578050702387,-0.09636871166440497
13,26,madhya pradesh,292631.6170741315,138509.47370585403,0.0,47.332367941214585,0.0,25.58820416945924,18.011620465322537,3.3032155329238115,13.631017471011827,1.355439350469535,1.1118058867537555,-0.38592062998088816
13,27,madhya pradesh,277115.9006071758,125685.57540954239,0.0,45.35487683462355,0.0,34.94622769448921,20.3074440326962,4.399168167784433,16.45774679818794,1.9222514603512308,1.4083146311280332,-0.0894118856066104
13,28,madhya pradesh,182242.56895277064,92001.45132025017,0.0,50.482964462651395,0.0,52.97337213526811,13.802508215074006,3.048882002606034,66.81050907931237,2.3963053507608985,1.6080159607689177,0.1102894440342741
13,29,madhya pradesh,348320.9046321757,173345.75409999152,30216.44451974565,49.76610699924639,0.08674886898233683,31.9958923549785,20.300038746883015,10.179138963437682,14.570135423921805,1.2449921395608297,1.044460801699938,-0.4532657150347057
13,30,madhya pradesh,362709.0213508217,175112.37014922482,119540.28605098177,48.279022533561836,0.3295762691696583,32.40977065722262,16.554644188389446,14.404976376587205,12.704501398236772,2.032222521878994,1.45795365091529,-0.03977286581935369
13,31,madhya pradesh,387910.5935618006,181215.59187532405,0.0,46.71581412907544,0.0,36.45532250924883,10.786110210655767,37.5058506086749,15.05610236470388,1.4790833492033262,1.1831044615922848,-0.31462205514235886
13,32,madhya pradesh,513926.9061197984,273054.64764589496,367497.96392528334,53.13102785520337,0.7150782719276778,42.27701621908269,16.284738689926144,17.363959119673044,22.740648558132783,1.6060734792320448,1.252197878594285,-0.24552863814035852
13,33,madhya pradesh,843605.1546534598,318996.68610512704,0.0,37.813506039583885,0.0,48.316617370362295,12.827051859611572,17.904634104187153,38.160245316725295,2.9768990858317737,1.811115884439779,0.31338936770513537
13,34,madhya pradesh,293354.73879053403,155985.46015953907,210278.21401981532,53.172981218114344,0.7168052402588309,45.32779288500514,16.5870991068064,12.904967052664812,12.48612341756037,2.027427129096784,1.4558344052105787,-0.04189211152406491
13,35,madhya pradesh,435730.15852069366,182153.16006966188,0.0,41.80412039599758,0.0,29.89011533668974,5.22736266740393,60.83865176962401,6.428357352452599,1.873909699686744,1.3857811624481433,-0.11194535428650032
13,36,madhya pradesh,516910.9175082778,273812.2056312039,0.0,52.97086912984752,0.0,35.98850529977395,12.20163449839249,34.43484496893126,19.157982583130178,2.2711792842581358,1.5587260315285212,0.06099951479387755
13,37,madhya pradesh,350744.707489816,158748.54208753194,0.0,45.260424091257676,0.0,35.81174044369129,10.770249922314557,36.951992893905164,7.9175205404309015,2.4275876388552446,1.6199968882446296,0.12227037150998599
13,38,madhya pradesh,450064.7109652001,266515.4335139823,0.0,59.217136340776065,0.0,43.65334914742984,8.280802711824698,21.866283028399483,7.99834537693924,4.050201601453802,2.10681685771187,0.6090903409772266
13,39,madhya pradesh,542476.5961804215,238833.68071669908,0.0,44.02654094173414,0.0,23.810326366181222,5.513797458021828,53.661812227808106,9.72467505029698,1.773728079597595,1.3376103676654085,-0.1601161490692351
13,40,madhya pradesh,1310963.4534111149,600707.6999172333,0.0,45.82184944623722,0.0,59.158378605558596,13.231638190268965,6.914514975891861,82.58832542652563,1.8228703122579455,1.3614939210224473,-0.13623259571219637
13,41,madhya pradesh,615393.7654668404,333119.20170878794,0.0,54.13106540916648,0.0,33.786741032729076,11.375139276695982,47.69675972295042,7.845886670719408,2.7795183583773664,1.7463177437649786,0.24859122703033498
13,42,madhya pradesh,482894.9517121619,259425.92256746866,0.0,53.723055428026946,0.0,35.89802708564388,10.279377562153156,25.164397955208194,13.14926688477594,3.4849837853080787,1.961586997862087,0.4638604811274434
13,43,madhya pradesh,734947.6082133445,385031.3463305429,0.0,52.38895154262124,0.0,47.86661905425396,12.761739644091652,12.433973236373102,29.33211076226861,2.836217464080594,1.7653407798678882,0.26761426313324455
13,44,madhya pradesh,1382695.1354098255,762590.6713090107,0.0,55.152480961248315,0.0,39.01250293625299,14.420955557795951,18.2707094754867,16.358626647308295,0.9747510521683236,0.8634067183847143,-0.6343197983499294
13,45,madhya pradesh,871830.8104162135,334589.8232844169,0.0,38.37783882915117,0.0,19.884833184667553,5.850402013988378,67.35695725029652,5.956552022309554,2.628484604932896,1.6939200124922418,0.19619349575759815
14,1,maharashtra,3405120.905165986,1468715.9674214416,2361913.0,43.13256440302074,0.6936355758812229,71.2775105025836,6.517440096813474,1.045498081733922,86.39912527751916,1.9178377021101058,1.4062758010386456,-0.09145071569599805
14,2,maharashtra,1580124.8868385893,570621.0386270282,0.0,36.112401201951165,0.0,57.812938763519874,5.177947719296508,18.121207225736246,54.25133631770318,1.616629639524898,1.2577642141599181,-0.2399623025747255
14,3,maharashtra,835863.4482984692,449502.64773556904,0.0,53.77704320611243,0.0,53.226736284644595,2.794747525229941,12.820635066768377,15.295295525685878,2.234281830088476,1.5437555180020859,0.04602900126744225
14,4,maharashtra,670697.6802501585,416058.2397035141,0.0,62.033648237508686,0.0,53.02919516572251,1.7735744211515507,0.9615577663259841,7.743496515996496,3.6425711689141065,2.0041675713029155,0.5064410545682718
14,5,maharashtra,419366.5106844626,248203.40742463723,0.0,59.18531907078985,0.0,65.88652073178939,5.099428950480201,0.46782318614868434,6.710673050115844,5.769812362756571,2.453213131401301,0.9554866146666572
14,6,maharashtra,1234266.6756818544,693649.2296849759,0.0,56.199299823255664,0.0,50.59101323379426,8.484163483368958,24.1751208406814,29.23986174205837,2.486974577804871,1.6423827320792441,0.1446562153446005
14,7,maharashtra,811794.063675056,474065.71285313857,0.0,58.397287448371515,0.0,41.94990367608347,5.298663296151184,40.87568989417186,17.057240265566122,1.428520663800149,1.1544482822051698,-0.3432782345294738
14,8,maharashtra,1001808.5727444222,618964.7607213964,0.0,61.7847338864113,0.0,53.167929567823656,9.25598735613938,9.836480599717532,22.986327790455242,1.1925707733670725,1.0112083566964674,-0.4865181600381763
14,9,maharashtra,1253954.130753036,792517.3401170584,0.0,63.20146173457945,0.0,49.90208824065688,12.406969004739196,7.119645056901482,13.248847072356865,2.1454915683934437,1.506870289056552,0.009143772321908328
14,10,maharashtra,1922373.2964444703,1065736.755957534,0.0,55.43859550736945,0.0,59.56093882511661,11.406404879357227,3.9102530270046336,43.12437777133508,3.101141450240159,1.849954049447426,0.3522275327127824
14,11,maharashtra,795929.4537256362,550629.73128636,0.0,69.1807205662434,0.0,55.865817183193734,9.505452456828257,0.7482340501564022,11.106882186791724,4.661994675153778,2.2438996504201834,0.7461731336855397
14,12,maharashtra,749500.4611110908,527292.904929918,0.0,70.35257912293169,0.0,52.686052153259034,12.55756989854663,0.4880768757286756,19.266771306293585,2.3407098488964597,1.5863908843545853,0.08866436761994168
14,13,maharashtra,626132.9871729843,439652.754400832,0.0,70.21715249117953,0.0,46.25303731874739,15.410220246810875,1.496476230533847,24.082304954694393,6.9806810370476775,2.641384945797155,1.1436584290625116
14,14,maharashtra,985693.4497514131,692753.9478772692,0.0,70.28087160891434,0.0,56.694116324449325,12.748130987464968,0.49482324347618933,22.488710976918732,2.0579258559260345,1.4692445953984197,-0.02848192133622396
14,15,maharashtra,1182587.5498062165,732173.411882256,0.0,61.91282937168017,0.0,45.41790305174997,13.788458558871506,3.7719212261025157,26.389264691733004,0.939872148212211,0.8382114154903063,-0.6595151012443373
14,16,maharashtra,436588.1049500868,290502.477217291,0.0,66.53925609139144,0.0,36.325778258240646,12.932334133426169,2.0741337926232664,13.476592703886253,1.0011049429556558,0.8821546838895948,-0.6155718328450488
14,17,maharashtra,684856.0101556379,433872.60495402775,0.0,63.35238335068819,0.0,37.563856998112925,11.021215993122455,5.265382953045179,18.016140498385713,1.6572310859495625,1.278930969292662,-0.2187955474419816
14,18,maharashtra,643026.8913577748,438242.7967110645,0.0,68.15310566338817,0.0,39.48867004157904,13.406769875175076,1.1259159901474804,14.365842842653858,1.936070437362427,1.4146742259514082,-0.0830522907832354
14,19,maharashtra,724313.0035083104,461432.4007392145,0.0,63.70621520036265,0.0,38.03835779149613,18.149103963569797,11.84239096385387,17.57108515628822,0.8905506458191705,0.8018267658114112,-0.6958997509232324
14,20,maharashtra,377518.49455826666,260427.67146923975,0.0,68.98408295836353,0.0,43.9017587185729,16.344479118595785,1.7599721701413509,12.387969540721148,1.2859636731919883,1.0698638406427832,-0.42786267609186046
14,21,maharashtra,587181.7054982939,398548.8510215728,0.0,67.87487540732496,0.0,44.347955227147615,19.060013443545756,2.2382251179590624,16.345657776470933,0.9281861193984873,0.8296712368971797,-0.6680552798374639
14,22,maharashtra,617197.8647920862,399405.81827546906,0.0,64.71276734082933,0.0,49.838811344330885,11.487415303724383,5.056939541398262,16.92934153069052,2.235421367525469,1.5442209431948049,0.04649442646016122
14,23,maharashtra,725327.4188832995,424517.24636775116,0.0,58.52767113386255,0.0,53.92031959954314,11.947679394256621,7.031433821786042,23.74370616785389,2.29355907048331,1.5677073481403385,0.06998083140569489
14,24,maharashtra,693689.9467604712,396283.450708293,0.0,57.126883928321995,0.0,58.62234478470331,17.47677446538885,14.383627333291818,27.629329603732995,3.785878861649282,2.0414282109264628,0.5437016941918191
14,25,maharashtra,662464.7857460044,399284.86915751104,0.0,60.27261791853202,0.0,47.678109943268254,10.919801419641585,21.464087227462322,14.474489972770305,2.3958101181190106,1.607825219742787,0.11009870300814328
14,26,maharashtra,338856.3999873846,198291.85790205607,0.0,58.51796156408389,0.0,59.43971885695226,14.05106257793784,15.58906720057113,22.881285268190492,1.1962107609435948,1.0135450602931562,-0.48418145644148747
14,27,maharashtra,1161855.6193730282,633141.7583901105,0.0,54.49401352740993,0.0,61.96075067102426,18.83784044422825,13.924418772677393,52.34831870511104,2.349781968162703,1.5899492163556568,0.09222269962101315
14,28,maharashtra,633403.2937062632,445787.8006024329,0.0,70.37977305011682,0.0,54.27496964598608,16.866535808721554,14.700025478867484,11.202635758001051,5.5763038508037965,2.4196179185010083,0.9218914017663646
14,29,maharashtra,420643.5664386764,285983.7927184565,0.0,67.9872023574973,0.0,49.59587899281826,16.903725407648107,19.704863560486096,23.525869726421195,1.1688380962541174,0.9958698836919592,-0.5018566330426845
14,30,maharashtra,529224.2053880258,349241.7982064789,0.0,65.99127452048715,0.0,35.177316679584756,12.197557845516576,38.69518811705061,7.321507985921399,1.273046532045654,1.0619095519259694,-0.43581696480867427
15,4,manipur,121103.87811939287,77440.25863844382,0.0,63.94531689736448,0.0,39.02188300898414,0.33373700960374014,85.51694032162672,11.202016503787986,3.44689378757515,1.9510278157638172,0.4533012990291736
15,5,manipur,92701.77521681483,60448.79010264366,0.0,65.20780207419273,0.0,42.986072840337734,3.756999299219616,0.9674851509399303,29.443662019744316,24.431723909075824,3.889448189931235,2.3917216731965913
15,6,manipur,22152.609945188553,14205.427608931803,0.0,64.12530010720997,0.0,45.39560664479762,1.290568834947697,5.2966980688487775,30.617404147743304,23.31009396786905,3.8424934473224237,2.34476693058778
15,7,manipur,154662.32128194656,100803.9524653278,0.0,65.1768004190006,0.0,59.292580360795824,3.200512891892006,4.766182878015243,34.873274367637194,20.46568633494301,3.7124931737488254,2.2147666570141817
16,1,meghalaya,102012.13270070017,50232.62808233046,0.0,49.24181737255816,0.0,26.70440371383344,0.33881699799975507,95.50285068920003,7.369156313925061,0.7807157510827445,0.7175388675298878,-0.7801876492047558
16,2,meghalaya,222676.41869373072,122472.20988971699,0.0,55.00008065881702,0.0,47.9478907666359,0.36439182343231846,78.3926472224143,29.28603856179478,1.280365536964597,1.0664226656089506,-0.431303851125693
16,3,meghalaya,173574.7540860503,91130.71499369976,0.0,52.50228667961782,0.0,38.04784767234292,0.014080860476841527,98.1095309256576,4.844724446644895,0.23761999809904003,0.23543884229369516,-1.2622876744409486
16,4,meghalaya,101432.26824134699,64307.862481589626,0.0,63.39980717829962,0.0,37.01347543276056,0.12765641884018053,96.83189609509078,4.875839566074115,0.8262617239839214,0.7530441235539744,-0.7446823931806692
16,5,meghalaya,207402.42305664395,137239.39537108544,0.0,66.1705843878226,0.0,30.537804624036657,1.1724640699854196,80.6171630910227,8.789627161008124,0.9376798348058631,0.8366130592210346,-0.6611134575136091
17,1,mizoram,339887.40311531734,222779.37686084906,0.0,65.54505251413046,0.0,71.88697187882082,0.06834355699998955,94.66564952504363,44.82543132726532,0.0954068420335287,0.09526269212876796,-1.4024638246058756
17,2,mizoram,45028.5983993187,28406.60902831608,0.0,63.0857056140257,0.0,63.56056186330387,0.1445047794282637,94.41367858905892,33.23250908764529,0.0,0.0,-1.4977265167346436
17,3,mizoram,36059.68079612159,22748.504072398624,0.0,63.0857056140257,0.0,47.21855100324402,0.20325203252032523,95.55048259842205,10.747326685089511,0.0,0.0,-1.4977265167346436
18,1,nagaland,116039.38492792139,85751.89566045025,0.0,73.89895742184052,0.0,56.61371429456036,0.0,74.46856270044198,25.073726524262025,1.495795776322331,1.1924288687098756,-0.305297648024768
18,2,nagaland,58363.92692032525,43649.46995802394,0.0,74.78843912886713,0.0,51.27256353028701,0.0,94.07572731900231,6.560554446141195,0.800108489286683,0.732752969703907,-0.7649735470307366
18,3,nagaland,43878.12887672219,33028.660947016535,0.0,75.27363128863634,0.0,52.66789997713526,0.0,97.06915545947744,9.394292128292003,0.08537279453614115,0.08526942640653849,-1.412457090328105
18,4,nagaland,90264.2786836733,63282.254670498616,0.0,70.10774981348729,0.0,60.272115431172224,0.0,92.64513629981117,14.09601510676415,0.8573061535530578,0.7767942512733276,-0.7209322654613161
18,5,nagaland,81040.81931010663,55345.54295423973,0.0,68.29341488078659,0.0,67.72955156780785,0.0,92.63957467766174,13.386667003422279,0.4478427089022392,0.4340815952414372,-1.0636449214932064
18,6,nagaland,129090.48578132827,95436.0512356562,0.0,73.92957789106107,0.0,40.207208058186566,0.0,95.10145724026002,7.151812319133041,0.08776328986960882,0.08765101400457263,-1.410075502730071
18,7,nagaland,93415.9294989075,65304.0019228952,0.0,69.90670892340576,0.0,29.76305786945805,0.0,92.14757613611313,5.784273776043928,0.0579575750550597,0.057925176644105895,-1.4398013400905378
19,1,odisha,963563.3512494342,501320.18294547906,0.0,52.02773458490578,0.0,41.49469839153522,17.48021768517811,27.44704879971347,14.461129818405357,3.816638196976264,2.0492538677703775,0.5515273510357339
19,2,odisha,507688.2281755267,245146.4605054758,0.0,48.28681204337863,0.0,44.095251351023265,8.780586702867671,50.7361273441517,28.37088488449172,0.972806703025042,0.8620137141061304,-0.6357128026285133
19,3,odisha,420583.3602004835,210844.5782332294,0.0,50.1314598211218,0.0,36.72177182751147,11.497913348581557,44.52224065048439,10.427494102290826,1.7153909569408332,1.3085978050680154,-0.18912871166662826
19,4,odisha,736555.4723762025,388833.8906396688,0.0,52.79084946382264,0.0,30.724087064491822,6.991743518449735,57.87103757866474,5.2885523564932235,1.969688208902242,1.4299968646743029,-0.06772965206034076
19,5,odisha,1050034.8431904966,603605.7168163595,0.0,57.48435118422578,0.0,48.409908121678086,19.80913899416514,7.0658056703518906,7.830363543413007,1.2719570847716621,1.0612363941800165,-0.43649012255462716
19,6,odisha,2123038.70997287,1049480.0034682828,42932.057584794275,49.43291888830863,0.020221985300184608,53.22760257653039,20.356039535789673,3.3010753662315073,10.555675342676729,1.1378123888951648,0.9755447117152466,-0.522181805019397
19,7,odisha,654579.6979994992,318705.0437039142,0.0,48.688501137130906,0.0,44.22743228375334,16.425158484832608,12.180174988211872,8.295855818096086,2.337079544100711,1.584963711331039,0.08723719459639545
19,8,odisha,443919.67795779975,216429.4076862428,0.0,48.754181991188325,0.0,31.708351929887606,18.755760101551676,37.27700074772639,5.029242477814552,3.6769957378182236,2.0132411833196127,0.515514666584969
19,9,odisha,507720.6344205265,273435.392630098,0.0,53.85548155673764,0.0,33.254343929044275,17.272141442781987,18.533491897971857,8.168637008049304,3.78500636329467,2.0412053676424247,0.543478850907781
19,10,odisha,641305.4702999768,348009.91192555235,0.0,54.26585738661599,0.0,25.12355880215802,15.742027997659362,30.79118787496865,5.614514542192614,2.7978974380199495,1.7525214974151846,0.25479498068054096
19,11,odisha,1104936.8947253753,560037.3506206241,0.0,50.685007740629175,0.0,18.37749959464458,15.019125784033957,54.33720310420681,9.422657353646716,4.172883943058237,2.1358120097209423,0.6380854929862987
19,12,odisha,1188497.9578966608,478092.0399820307,5449.301933742653,40.22657647877932,0.004585032643544909,36.57326896810849,16.578467014303193,9.392120548974606,12.746415315640089,3.4719970762129884,1.957998889037412,0.4602723723027684
19,13,odisha,1335319.9599863328,633632.9422799177,555187.640481463,47.45176895928396,0.4157712436854052,54.030696906508545,15.454776520478447,3.5459854397045354,16.97878049582594,1.6969642753795902,1.2992802316274046,-0.19844628510723905
20,1,punjab,847265.1631366073,442703.3897995838,39867.47223775203,52.25086655996564,0.047054303625751775,51.668211201253236,24.695115703476684,0.0,18.603292932558865,1.370211297660017,1.1205448855804536,-0.37718163115419
20,2,punjab,712869.5605574903,356703.9938814697,466710.17874950496,50.03776477740388,0.6546922530743498,48.30293544574696,28.006675823298306,0.0,28.706159964225254,5.115160718805366,2.334776692503371,0.8370501757687272
20,3,punjab,595622.0542245453,353779.74372550286,105133.83115074877,59.39668305031069,0.1765109777333968,39.22081928478179,21.797318973490142,0.0,19.748142978958427,1.590226316843581,1.243791882238634,-0.2539346344960096
20,5,punjab,719609.8044609712,360576.54494673654,0.0,50.10723071190352,0.0,58.1480441704037,39.08146243290489,0.0,30.594976186446825,2.4727491125533367,1.6370625936794547,0.1393360769448111
20,6,punjab,335833.1209317566,163093.75069329908,6137.349012742997,48.563926702881915,0.018274996211556347,53.19888594550041,29.457184522622082,0.0,21.839581719237852,1.2316801884323476,1.0360973739219157,-0.46162914281272793
20,7,punjab,1333731.343996454,706007.9457874614,24204.66251957515,52.93479447457137,0.018148079542801464,59.84338445720632,33.324169706699806,0.0,12.976932402675413,1.462550996843969,1.1738091085352957,-0.3239174081993479
20,8,punjab,388836.883936409,204270.5180347038,95563.53764775212,52.53372981666793,0.24576767687342316,57.17991312828813,24.572003368272057,0.0,21.47011313855459,0.8013555456468466,0.733726409431352,-0.7640001073032916
20,9,punjab,628794.0479770898,355151.28921863285,345491.0219418911,56.48133762735185,0.5494502103723462,48.84835374387868,23.604951266768694,0.0,25.235122943168648,2.428474253056668,1.6203345306800208,0.12260801394537713
20,10,punjab,692656.7295993889,398596.1383245443,161724.3734681417,57.54598508774757,0.23348415825206528,38.5303370523706,26.831801277103363,0.0,20.31734615114729,1.6409344434564705,1.2704809262963397,-0.22724559043830395
20,11,punjab,531584.1717720351,278718.36683232355,30672.747463630603,52.431652715169506,0.057700641013036645,35.92617260794006,29.269668575472625,0.0,18.738970090957284,1.156539270307182,0.9878501461985608,-0.5098763705360828
20,12,punjab,553118.7394885715,373473.82563739445,423623.75886604545,67.52145587812093,0.7658821309466741,41.48021002082183,34.08089314312521,0.0,21.17280498429697,1.2916348843122298,1.0733404290388964,-0.42438608769574726
21,1,rajasthan,705841.0972344365,328755.3049758867,0.0,46.57639038927973,0.0,33.97271504372169,29.342374782809845,0.3424303163694955,17.99678864206863,0.5087629134149756,0.4890358450406523,-1.0086906716939914
21,2,rajasthan,606573.8706636722,273052.9483982664,0.0,45.01561336618576,0.0,33.35080998067936,18.643261720362634,0.263801046947504,32.86614264246908,0.6539532802740441,0.6145359219411695,-0.8831905947934742
21,3,rajasthan,562741.0243210932,280979.3725111431,0.0,49.93049384485956,0.0,27.296785727939994,20.132956543207637,0.506670831143635,22.92862090796398,1.8694325955378095,1.3836713737630721,-0.11405514297157149
21,4,rajasthan,491884.68934672896,237868.76732758907,0.0,48.358644308181674,0.0,37.7565767896154,15.374353601222431,1.9291958334728874,16.524616394752094,1.0730425508696266,0.9320910958860883,-0.5656354208485553
21,5,rajasthan,754092.5604904003,327122.9403892788,0.0,43.37968009875933,0.0,33.91194733037822,17.779088906112566,8.057546438617424,11.504933422741642,0.9150676354339233,0.8200247469481442,-0.6777017697864994
21,6,rajasthan,473767.808941855,175502.04802432557,9888.703161603999,37.043894648795096,0.02087246743017449,33.70969929473766,21.636743877392856,2.313657676509339,15.73985943191506,1.1274812170729982,0.9687070472108196,-0.5290194695238241
21,7,rajasthan,226601.71069354,66664.85499854347,0.0,29.41939617071212,0.0,27.24932920068474,20.168410322370605,4.593724440578055,13.605984957550513,0.8106727945870038,0.7409806307673872,-0.7567458859672564
21,8,rajasthan,606475.2063136438,174115.99798580614,0.0,28.70949977397107,0.0,28.663303337218544,21.862371906634735,22.567009642008763,11.882874999426647,0.9846903616279844,0.8705064989950344,-0.6272200177396092
21,9,rajasthan,1538169.6730510788,681682.2628021764,826614.7328025099,44.317754714927304,0.5374015281180622,38.254091909224485,16.228580697169814,11.257729138340698,32.544550604112054,1.815491272954247,1.3579393207247767,-0.1397871960098669
21,10,rajasthan,601800.0911008641,311262.145466874,0.0,51.721850838787134,0.0,33.1273190175993,14.00510278830157,2.6527011027101643,16.49040595491705,3.2673298136066133,1.8997562140203124,0.40202969728566873
21,11,rajasthan,571495.1740430696,267476.4288050407,450309.97460588696,46.80291994642161,0.7879506163108041,42.71297292726352,18.51003223799821,2.298188161947578,34.01415784456026,1.448435533780194,1.1658158070037266,-0.3319107097309171
21,12,rajasthan,379762.7776823778,151147.63385889,15122.555541268113,39.80053937389972,0.03982105785500696,27.023065917576854,20.20530863006472,11.869700247757965,15.696606311156907,2.387289297523994,1.604538119695069,0.10681160296042536
21,13,rajasthan,362282.2380072499,183391.27462867566,0.0,50.621105698537086,0.0,24.021746386970744,14.553998786707186,4.8464952382611015,12.802271005494651,0.5844817416483458,0.5554726351365318,-0.9422538815981119
21,14,rajasthan,672162.2588778589,257163.89793077222,0.0,38.25919925348002,0.0,32.67506639244424,15.273860996348706,2.824215468615262,29.244995200797963,1.1468377886826122,0.9814895525101928,-0.5162369642244509
21,15,rajasthan,735053.4469171176,353734.6084873616,40773.8073710918,48.12365821437303,0.055470534206867456,25.27934875350264,19.734755059888755,0.22360955049631437,12.70443535791049,1.2089657606777267,1.0217002442061738,-0.47602627252846985
21,16,rajasthan,501145.59114127,223231.3181584187,7984.92967924312,44.544204738995916,0.015933353142065686,28.9020284816258,18.146541516867238,5.399843383350197,17.515298378936944,1.0654790427600982,0.9269247890613462,-0.5708017276732974
21,17,rajasthan,289067.99038199685,145862.20070674436,0.0,50.45947858633214,0.0,18.32928982415264,15.699592118849907,5.8689178398881845,8.143827226728687,0.6113390838288251,0.5785237320212675,-0.9192027847133761
21,18,rajasthan,411981.6910691351,188093.634752365,0.0,45.655823748925,0.0,18.762816579917256,17.788165729154542,8.430519805034821,5.826287040627082,1.027853785168035,0.9009326812389628,-0.5967938354956809
21,19,rajasthan,227067.85988646917,107180.00379945029,0.0,47.20175010811254,0.0,25.590149672262243,19.24425369517254,23.394222580344294,16.085678158002167,1.7085083716910212,1.3051263387058927,-0.19260017802875096
21,20,rajasthan,538278.9865920749,248670.64808503923,0.0,46.19735384050759,0.0,25.83690701563214,17.11814744326884,9.023003801326698,15.959671790339508,2.8561737240324243,1.771955934332132,0.2742294175974884
21,21,rajasthan,977440.7268849649,484379.57338033034,0.0,49.555902476461576,0.0,27.983481125711723,8.31564451055809,36.7933628237418,14.346722615608412,1.2297453430521958,1.0348772409157792,-0.4628492758188645
21,22,rajasthan,596219.6271670494,339778.560335955,0.0,56.98882506609523,0.0,28.09343817166266,14.627439883033844,20.27846839016568,12.937359771996848,1.7048651288202887,1.3032845258368235,-0.1944419908978201
21,23,rajasthan,288735.93148156925,142778.62390412687,0.0,49.44955176569037,0.0,24.510004585220496,4.607975082013701,65.84022164567108,6.051576298183407,1.6384212600641854,1.2691723568806406,-0.22855415985400307
21,24,rajasthan,405712.21970769024,203146.32255415205,0.0,50.071531663629955,0.0,20.512201453790237,5.002855659397715,73.47265489788855,6.399013499480789,1.0930465724339946,0.9456614431589068,-0.5520650735757369
21,25,rajasthan,325629.89775367937,146960.5812609524,0.0,45.13116955007607,0.0,26.04498810772634,18.793817056324716,20.253346973961634,14.13726488092147,1.227921606581176,1.0337261158824544,-0.4640004008521892
21,26,rajasthan,598111.1744084125,310876.77223940915,0.0,51.976419358306615,0.0,38.258948751811,19.719616539459395,14.15537674401638,29.631826022057805,1.7945912752133,1.3478110117396918,-0.14991550499495188
21,27,rajasthan,290343.45499756065,158997.2417978389,0.0,54.7617792173668,0.0,26.565068324954467,17.228108270783547,11.895240294637977,12.904466279542431,1.08743735075316,0.9418698927149664,-0.5558566240196773
22,1,sikkim,68951.1836478026,57429.18288154574,0.0,83.28962585311028,0.0,42.30596680125617,3.560212779593668,55.44126129590463,2.179068127924117,3.319502074688797,1.9149145060127148,0.4171879892780712
22,2,sikkim,16727.30672541952,13932.11118690407,0.0,83.28962585311028,0.0,53.952323313832295,6.994597987133795,21.088023670230648,15.491000381054851,4.534364020844556,2.2167753151721175,0.7190487984374738
22,3,sikkim,13588.50190254716,11317.812393674303,0.0,83.2896258531103,0.0,44.063454831640996,5.6860384967542155,16.68261267656348,2.2170097630731562,6.101345715724746,2.5083055391535893,1.0105790224189457
22,4,sikkim,17912.64759044701,14919.37715846949,0.0,83.28962585311028,0.0,36.82929065514817,5.019305019305019,19.65852018622467,1.5026334287548009,8.513513513513514,2.838233428049428,1.3405069113147845
23,2,tamil nadu,557368.2838625229,251490.80174952123,481472.7503984703,45.121118124394826,0.8638323427050748,56.911534423201445,25.959052122594255,1.239795922754716,38.92122921025408,2.620831054809015,1.6911950728636405,0.19346855612899683
23,3,tamil nadu,1080548.2496070922,654742.4427358853,0.0,60.59354063772368,0.0,51.95200156487903,20.727972741498903,1.6473854360514295,27.232529923024867,3.0331119417551533,1.828865690901848,0.3311391741672043
23,4,tamil nadu,1087540.1430403912,619257.1263977131,21658.4309212222,56.941082162400136,0.0199150634207144,38.76818129777752,14.308523825644043,1.9637737204212864,8.120149148622302,7.636164641702934,2.7303026900568397,1.232576173322196
23,5,tamil nadu,852974.0477286695,518696.8302363765,0.0,60.81038826651074,0.0,44.9727044848578,21.446595806199134,3.054201411003026,10.338062454345339,2.8909848176639596,1.7833972446815456,0.28567072794690196
23,6,tamil nadu,2075408.936073367,1253607.8595932277,157199.3907755217,60.40293254037101,0.07574381513117114,44.83958271026783,27.125492960546964,1.1890908412598882,13.713993817276982,4.918067072344032,2.2962420648043684,0.7985155480697248
23,7,tamil nadu,1845417.9680790338,976083.1991534531,0.0,52.89225617378677,0.0,46.85007784144368,16.70162217154273,3.493651289837598,25.56302231146741,4.688253981336446,2.2493922339725785,0.7516657172379348
23,8,tamil nadu,991407.6548293144,542672.6964838929,10312.771357116157,54.7375939494155,0.01040215022234386,48.136612099576645,17.158529011581876,0.8272338092707594,21.892001036089443,4.837064384660702,2.279972928637028,0.7822464119023844
23,9,tamil nadu,351850.7433794858,198259.3295435806,0.0,56.34756591369471,0.0,63.283320238688624,30.215963075917962,3.5268243092926923,43.81651164296959,6.4069964555401455,2.5565730682530674,1.0588465515184238
23,10,tamil nadu,1461497.8191548912,759148.2425735549,725928.2038151809,51.94316629309314,0.4967015306495276,59.14486311892632,16.397311119054013,0.745587557084849,46.65853754474295,3.911582026969466,2.07304192910595,0.5753154123713062
23,11,tamil nadu,765191.6493773138,422542.3087767909,0.0,55.2204547868029,0.0,49.614818769987565,19.409475878600603,0.5402534550432555,18.896942293819265,0.8057147126265035,0.7371244795569046,-0.760602037177739
23,12,tamil nadu,1921361.545734878,1125723.8049382488,0.0,58.589899825838586,0.0,53.361061700904585,19.14046741920846,0.6853073228751042,23.432076799361525,3.658198650248906,2.008296501368311,0.5105699846336673
23,13,tamil nadu,4940380.48220237,2550154.4979544724,1139784.1503336409,51.618584988369975,0.23070776723365588,57.26645977221013,24.17487355612113,0.2165307979309966,20.14780235142913,2.103984544095502,1.4891946023594993,-0.008531914375144334
23,14,tamil nadu,560062.8317206241,341687.8491476189,0.0,61.00884218613224,0.0,49.70033485338485,16.820128576466225,0.05794380129420381,12.550371171866287,3.2095240294526697,1.8827005194853716,0.384974002750728
23,15,tamil nadu,490892.7230608891,276136.8979779896,89410.80246763205,56.25198439613827,0.1821391890067634,54.8494235709847,16.023984640925995,0.11111214164479359,23.62913772155186,2.507891214181853,1.6501578889790138,0.1524313722443702
23,16,tamil nadu,1389637.485222827,739699.5808941042,611382.1975323678,53.22967959341527,0.439958049515578,57.55230474962041,14.586781748521943,0.36935499025067536,39.15258591991054,0.14726163605511147,0.14673451168980503,-1.3509920050448385
23,17,tamil nadu,632761.4938394902,371949.0992251323,0.0,58.78187956226726,0.0,54.1921373104917,18.459691368319085,0.19028304123161305,32.625362850846344,6.241932304485084,2.530792641659896,1.0330661249252522
23,18,tamil nadu,501138.82979928236,285028.42455115274,0.0,56.87614042306664,0.0,52.46136498723821,18.06046991363938,0.13723296388238174,18.65153316317611,0.0,0.0,-1.4977265167346436
23,19,tamil nadu,697252.4735258315,357404.29059455346,0.0,51.2589491131167,0.0,63.251208857629535,17.176149788449916,0.21800648387274024,35.879512610583,37.885718968600344,4.327895544185835,2.8301690274511913
23,20,tamil nadu,1043894.6147991708,591768.6643395233,0.0,56.68854460499065,0.0,56.748854439466754,17.893047974444325,0.35873711744033976,27.726601946093904,84.16626628483768,5.1259766727096086,3.628250155974965
23,21,tamil nadu,698560.7719909855,385395.267082601,64907.45785711729,55.16989824438271,0.09291597876606057,71.7829673402489,4.802827383277022,0.32636631134833716,14.892126654873405,7.158766785245009,2.66632784085273,1.1686013241180864
24,1,tripura,142639.29137013108,95117.17933801073,0.0,66.68371556277125,0.0,54.20103086807625,18.564668074855025,25.183926248646493,21.101648476922946,1.4468055429029718,1.1648893774425642,-0.3328371392920795
24,2,tripura,190750.64417994063,118459.70939025334,0.0,62.10186597247181,0.0,49.097271019459946,13.455465848307114,28.390432076635165,7.546929000616638,2.0710853483249236,1.4749812275115524,-0.02274528922309127
24,3,tripura,443263.19221899123,294645.8519194493,0.0,66.47198709291465,0.0,42.07808212382541,15.285099227951449,43.01814327153289,5.144422947883459,1.7509068026595904,1.3263475791585153,-0.17137893757612832
25,1,uttar pradesh,270802.04574695823,93237.42100785393,0.0,34.4301021621441,0.0,38.379451751915866,22.775114826727407,0.9594967231101044,6.074865774751887,0.35526722273710226,0.34818897110908564,-1.149537545625558
25,2,uttar pradesh,335031.20200791437,140339.61428666615,0.0,41.88852066481586,0.0,49.63575675159307,17.540093729981233,2.1097112801897078,7.827914451724564,0.7337526205450734,0.6800985666669496,-0.8176279500676941
25,3,uttar pradesh,172785.47350441292,60423.70438850578,0.0,34.9703613174186,0.0,39.201900188398575,14.200391965567704,0.10600651896999584,4.8747485577080525,1.2738685017539286,1.0624172024197496,-0.43530931431489406
25,4,uttar pradesh,159672.21881804918,65252.67405985478,0.0,40.866642013794504,0.0,58.252693231497474,13.403989112976758,8.198618935657926,43.00920286978968,2.3360566525606625,1.5845612460301126,0.08683472929546898
25,5,uttar pradesh,249207.1830994123,112551.02150375672,0.0,45.163634572627274,0.0,54.435889734592365,13.517402037990726,0.22006197484378093,10.19742577303728,1.0654900046164115,0.9269322907493958,-0.5707942259852479
25,6,uttar pradesh,294248.80091263604,98589.61592351354,0.0,33.50552852474845,0.0,48.217414031816,20.45258681585714,3.2340496171343,6.3178138509790625,1.0978632983118877,0.9489088641119455,-0.5488176526226981
25,7,uttar pradesh,224808.06933670837,79512.99165936156,0.0,35.36927828879231,0.0,47.770843767219645,22.02166582797146,0.3273899526306542,5.5683783619027585,1.180064418546738,1.0031478551650868,-0.4945786615695569
25,8,uttar pradesh,683796.9649481132,367971.3175215806,0.0,53.812949805868534,0.0,45.725482964911755,15.797825440502178,5.844794159620926,26.588489352501732,0.9606253025764868,0.8532556321286394,-0.6444708846060042
25,9,uttar pradesh,701585.8324106073,394121.46303525264,0.0,56.17580128165854,0.0,31.839654254333126,20.67006149061263,0.07638964995614216,19.79176385127689,1.6267253450690138,1.2630632109536997,-0.23466330578094396
25,10,uttar pradesh,1469767.5457964125,768767.1860100441,0.0,52.305358640469755,0.0,24.242279340641577,16.136931125439126,0.009976156742656178,22.02975710364256,2.6295256255658987,1.6942901178029504,0.19656360106830673
25,11,uttar pradesh,497462.42456004047,300179.01925684087,0.0,60.34204885370416,0.0,19.810923208939773,12.991057430693923,0.003395153983547483,21.221576403280384,2.6670875088771404,1.707559193386822,0.2098326766521783
25,12,uttar pradesh,501865.4140206962,283077.8361881965,0.0,56.40512939919841,0.0,33.40988787927739,22.50080011987723,0.010350671212877794,20.727847073380197,1.4145031333930171,1.1463830072769423,-0.3513435094577013
25,13,uttar pradesh,546536.6391603415,272412.7828798255,0.0,49.84346215074261,0.0,38.904994984384004,21.579421034284046,0.18017088666130718,25.908057711598527,2.5352635869284823,1.6602486769860882,0.16252216025144461
25,14,uttar pradesh,989922.5143019097,532155.3803629216,18893.49819207845,53.75727621855292,0.0190858354256162,35.040982669391454,14.03947099480993,0.0018293478761798854,19.707353591484807,0.6656860056346456,0.6243289733002825,-0.8733975434343612
25,15,uttar pradesh,1050403.9979055722,610096.3059426581,26124.43233283531,58.08206244065569,0.024870842442455944,41.01595400346645,16.638272670532196,0.0022912417718317637,29.8986169020555,1.6379857088495202,1.2689454244968716,-0.228781092237772
25,16,uttar pradesh,1332109.723879285,563239.6873355603,480357.04899733345,42.28177883840752,0.360598710741686,44.08755690322209,17.88616803744767,0.005510491569132815,37.28786918906645,1.4311663353685298,1.1559645690808567,-0.341761947653787
25,17,uttar pradesh,922227.1150001516,298835.2054567512,0.0,32.403645544156674,0.0,35.50238801288064,21.196381996442632,0.004386181912859549,16.645595448757287,1.5307077651217302,1.2116769965588476,-0.286049520175796
25,18,uttar pradesh,1045075.5504662468,348004.82134846965,0.0,33.29948932335196,0.0,35.79816273268482,23.00704312098792,0.003853176382638012,20.228902949105912,3.328777821163608,1.9175866340236334,0.41986011728898975
25,19,uttar pradesh,598729.991463043,239957.64601546427,73925.68744169969,40.077772858698665,0.12347082741096124,35.566744995044495,20.23217856798879,0.008802880716823756,18.989211810773277,0.9536178975943088,0.8481933027265097,-0.6495332140081339
25,20,uttar pradesh,1060262.4253159054,482199.41956546815,516187.60939669627,45.479251933482104,0.4868489131291228,38.50472242850927,23.20349426631058,0.009669137385719702,32.74740541784305,1.3051364863071273,1.0815789474335205,-0.4161475693011232
25,21,uttar pradesh,1058382.006929033,458540.84384157683,0.0,43.32470136865461,0.0,36.65135083304306,19.279425251817614,0.007827512925180719,21.2907046979428,1.1046674609292872,0.9534829601228498,-0.5442435566117938
25,23,uttar pradesh,413573.6559899438,158305.7812241821,0.0,38.27753023708825,0.0,39.97012331915191,19.29347041874439,0.0008353927029206848,10.665610527770731,3.444811253050093,1.9504474027225427,0.45272088598789906
25,24,uttar pradesh,832734.1997676879,379367.39571969013,0.0,45.556841045500974,0.0,19.461859658844325,17.335786855756254,0.0011033495239659776,14.029048332430222,1.3957715695397201,1.1355218609250246,-0.362204655809619
25,25,uttar pradesh,786552.2385827411,459153.9081057144,0.0,58.37551348567091,0.0,25.95328608883884,12.662526423332121,0.015063768778557661,26.567831409968758,1.1977416626665751,1.0145265785936326,-0.48319993814101103
25,26,uttar pradesh,396820.77018529875,211855.1206346525,0.0,53.38811285904339,0.0,25.197197730813503,16.012042680907147,0.1031873512882442,14.779873478590572,1.3088666949731396,1.0838456189152232,-0.4138808978194204
25,27,uttar pradesh,707532.0110947314,319167.5528214883,0.0,45.109980582737904,0.0,25.782947023616344,18.016096447862655,0.01972431247940143,16.841543829988503,2.2242710614267605,1.5396582667945458,0.04193175005990213
25,28,uttar pradesh,878461.4161037807,393267.1797607073,0.0,44.767723721430585,0.0,24.060851150632676,26.938494829881332,1.2136582821789155,8.863415075254299,3.528485911858809,1.9735168519371367,0.47579033520249303
25,29,uttar pradesh,933101.1228384413,416319.24655007024,0.0,44.61673406668405,0.0,25.531421065790017,32.145386564373915,0.010410875073230618,10.41154674259018,3.7031292010506505,2.0200767713726773,0.5223502546380336
25,30,uttar pradesh,851105.4347516163,348342.37149541755,0.0,40.928227840194275,0.0,29.259155715046003,31.54547261421392,0.0012376769240961863,9.505031156696452,2.2207957337020257,1.5382322809289155,0.040505764194271876
25,31,uttar pradesh,821191.2094386227,361384.03413535666,51637.21393679418,44.00729452308722,0.0628808654346094,31.359159278984656,30.53880731522539,0.10793506808089633,11.076092177911532,3.9045892209578588,2.0713084604667555,0.5735819437321119
25,32,uttar pradesh,961332.5324985771,430100.6029579064,683534.7959080088,44.74004451300965,0.7110284660100386,47.76087745733406,21.876711351993862,0.04068334997707037,53.066724675429036,2.3037634771344138,1.5717781084205529,0.07405159168590925
25,33,uttar pradesh,860114.9888030448,462889.77365944535,0.0,53.81719650108796,0.0,30.338641559146033,29.859265286441854,0.06371593027410766,7.2853569598891,2.4124833179345035,1.6142285776915222,0.11650206095687854
25,34,uttar pradesh,757367.7469574554,346424.24353171,0.0,45.74055931525826,0.0,37.64439701384388,17.591933073560426,0.031588451360768044,15.00344638630581,2.946510961911732,1.8013946415185498,0.30366812478390615
25,35,uttar pradesh,761031.1240209729,365479.468768889,0.0,48.0242472657159,0.0,43.1239895418315,25.032534693867948,0.003529984868131532,12.85978194106808,2.4643409520536173,1.6339056675299144,0.13617915079527076
25,36,uttar pradesh,1454068.5162571233,629711.2596785958,523972.78606320574,43.306849205394926,0.36034944722684,40.88897995308946,25.169833174750643,0.03166975879525805,4.614990227750941,2.346794058371277,1.588778562709002,0.09105204597435845
25,38,uttar pradesh,379488.105353298,186231.05110557773,0.0,49.07427887158657,0.0,40.8628340537832,27.347735769987462,0.0,17.931123844389386,2.383396742959518,1.6030331553358397,0.10530663860119605
25,39,uttar pradesh,382762.14962918236,186084.49707910698,0.0,48.61622217854731,0.0,41.73189023136354,28.802446390776232,0.013079685360125007,32.31710473120897,4.201921481682579,2.142556866520832,0.6448303497861883
25,40,uttar pradesh,353208.34231222724,171802.79697738835,0.0,48.64063964421288,0.0,25.226350089024162,25.12183478870224,0.04640692088085389,11.303608969167986,2.6716212320210144,1.7091496846430703,0.21142316790842663
25,41,uttar pradesh,914093.0262264219,510475.96875791874,0.0,55.84507857644165,0.0,31.794330820986964,24.88845823124724,0.004295969085388182,14.044886739843612,4.091397663049132,2.116644641515829,0.6189181247811852
25,42,uttar pradesh,696333.6688591097,306079.8797537983,0.0,43.95592134088348,0.0,28.368666356270932,23.24659974362816,0.0023091724087192203,10.464149024320955,5.920853891853791,2.478684103112115,0.9809575863774715
25,43,uttar pradesh,610561.0022740139,264194.1919330159,0.0,43.27072822355727,0.0,35.851795533057675,24.717926792860936,0.016322309806917606,8.064590012536586,5.011007281740229,2.314594765223249,0.8168682484886052
25,44,uttar pradesh,743519.9922941787,347962.954392135,0.0,46.799407951153135,0.0,32.16596553127968,21.491020943592527,0.004071108698602253,4.46048762835301,1.3291285539741768,1.0960868726452273,-0.4016396440894163
25,45,uttar pradesh,1597007.712364224,701402.1471342207,605866.883491262,43.919772065211816,0.37937630407202694,33.814065473990375,24.461906812267376,0.0447847962525448,17.562142460761994,3.474981886842163,1.9588246606524382,0.4610981439177946
25,46,uttar pradesh,844128.5855099919,466566.08351272444,0.0,55.27192083310888,0.0,19.538228156878,16.458023029564277,0.34152879311162754,6.30142532411919,2.1199895687922807,1.4960438331246524,-0.0016826836099912423
25,47,uttar pradesh,1198928.8980418942,583062.3296876766,0.0,48.63193560852036,0.0,21.861869678078406,15.571405582026685,0.42615954045185167,5.989658767308271,2.160696019951959,1.5132749119853925,0.015548395250748914
25,48,uttar pradesh,1754285.549113703,940751.7066556134,30139.204091991196,53.62591666624047,0.017180329683054205,24.66270981075763,27.018087305046024,0.009863251588024775,7.5470794870779025,2.8735632183908044,1.7776867674336847,0.27996025069904107
25,50,uttar pradesh,826622.9772764909,427982.6719923108,0.0,51.77483372194699,0.0,31.05620726445911,22.37597754702942,0.007209525664148165,3.6483726259012395,1.619537689739164,1.2592930328435246,-0.23843348389111907
25,51,uttar pradesh,441785.64318824036,241554.1358329807,0.0,54.67677357954726,0.0,21.420763107586282,16.688360164765193,0.004157188569487992,2.747960196383246,4.096362040378425,2.117822641149928,0.6200961244152845
25,52,uttar pradesh,957613.6653316128,564781.662561509,0.0,58.97802871953902,0.0,22.83440846873438,19.403141773514086,0.16052465494059218,3.9812619826793236,7.3069943371887085,2.6866289848706297,1.188902468135986
25,53,uttar pradesh,991308.2040423435,532820.1061338643,0.0,53.74918758476299,0.0,28.254255397619595,21.172442653372876,0.0062807602056875935,5.181225493167482,3.585246669790481,1.9888795968110913,0.49115308007644765
25,54,uttar pradesh,1118435.8590897063,537907.7253429707,0.0,48.09464226055602,0.0,34.42861420181722,22.037232852424754,0.01601434049945173,15.363460297808023,3.2398965268648485,1.8916966202516967,0.3939701035170531
25,55,uttar pradesh,1434076.2050689734,779962.991180329,0.0,54.38783437194091,0.0,29.276891296083086,15.551740260863456,0.00630627221834837,5.918008551305128,4.765322127193632,2.265344030770069,0.7676175140354253
25,56,uttar pradesh,625383.865595587,335194.5814805294,0.0,53.59821382045177,0.0,34.37309359225665,22.06176311504777,0.003596669484057763,13.225576193368019,2.0592367028659395,1.4698173641614074,-0.02790915257323623
25,57,uttar pradesh,1078157.7051867363,575899.0819988222,0.0,53.41510608590204,0.0,30.73179132562784,25.614139472100916,0.0066603467376511625,5.662595080414172,3.269794848277712,1.9004773822272814,0.4027508654926377
25,58,uttar pradesh,1111109.0989896788,614550.8503412964,0.0,55.309676691523975,0.0,33.00359829857843,21.791195286646182,0.003238904726994589,5.473811275250221,3.730095891616082,2.027083328640146,0.5293568119055023
25,59,uttar pradesh,818093.2557550773,363149.2206847204,0.0,44.389709624185045,0.0,34.99953365486835,14.685230297139205,0.007647176092363742,8.007742655285194,5.002818489289741,2.3129909427518833,0.8152644260172397
25,60,uttar pradesh,1127671.6463303936,588056.1143911488,0.0,52.14781415359412,0.0,33.99702973205932,20.57007792298076,0.01671758495450458,5.8898451844044795,4.114885002530507,2.122206102992492,0.6244795862578485
25,61,uttar pradesh,1376358.4091811115,662797.7625641408,0.0,48.15589879372219,0.0,37.37305629974164,18.14340723702338,0.003203887328170872,21.99464516741138,4.881503131524009,2.288930400296859,0.7912038835622153
25,62,uttar pradesh,677082.979633137,322215.33513686823,12760.116508738105,47.58875128000615,0.018845720380760277,30.850278703234913,25.94990522822769,0.0035603531146150085,11.024844626793529,3.879304100937233,2.0650160499155583,0.5672895331809147
25,63,uttar pradesh,495052.2076755629,220545.01703795395,0.0,44.54985022155283,0.0,26.940646914861855,42.4978210133381,0.01292973942389174,10.998371224911423,3.2633801067924995,1.898599653743075,0.4008731370084313
26,1,west bengal,683667.9640259378,542537.3801546502,0.0,79.35685284414859,0.0,37.12819733366495,51.756976157741654,0.6114285319497317,6.837129717268999,1.2338626047106602,1.0374722419738083,-0.46025427476083536
26,2,west bengal,891994.8779955767,645782.5158226793,0.0,72.39755874762788,0.0,37.09930701529151,37.32793249165503,20.484755642015443,14.274440513130731,1.6569566589612141,1.278789179408969,-0.21893733732567466
26,3,west bengal,479380.5981086115,214151.9954735006,0.0,44.67264555938098,0.0,48.96743566329902,16.145313669544027,13.781858715812293,26.81782480293003,2.1449804186814427,1.5066543281623253,0.00892781142768162
26,4,west bengal,899391.0775209758,608921.6734295961,0.0,67.70377076766081,0.0,31.50547711015256,29.01706167532012,9.831237672465583,11.486632308635262,1.8824110112548122,1.389776539271569,-0.10794997746307455
26,5,west bengal,994031.0419674928,732914.5666218965,0.0,73.73155723298474,0.0,28.289718633517268,18.252605206156097,6.569371893873773,6.0390705193464145,5.6795600741508006,2.437682540962369,0.9399560242277252
26,6,west bengal,1542025.215899052,1072608.2974041188,0.0,69.55841489133836,0.0,30.261749155986443,13.395591573176285,1.2977018232971158,8.618146813528435,8.839869766153056,2.875603330909965,1.3778768141753215
26,7,west bengal,1373536.8019101552,1021190.8424945744,0.0,74.34754140365376,0.0,43.79165426000435,29.010328659948076,2.3500187040980536,19.637589603792428,16.556647054998567,3.500845592212881,2.0031190754782373
26,8,west bengal,3135739.2649856405,2387580.978488709,302079.57117293554,76.14092807871391,0.09633440335617918,56.69816631169886,21.487428866250355,2.332240804264722,45.436680440122544,1.8285426183964837,1.3642188504881771,-0.13350766624646648
26,9,west bengal,3193465.67077353,2284199.1578316023,718477.847547705,71.52728080769747,0.22498373917815542,44.63208417103672,34.44975791903105,1.2335718272694982,11.501689404955005,2.0800092831655594,1.4788546560734708,-0.018871860661172857
26,10,west bengal,644352.7370876654,433120.362161483,159191.58127935938,67.21789747011755,0.24705657649391047,70.18238704819449,6.445765155339345,0.1953034886207819,90.4270152931291,0.9799019779561862,0.867090496512181,-0.6306360202224627
26,11,west bengal,978064.5436682247,687517.4544523559,0.0,70.29366915539399,0.0,57.466771627533355,15.789898446071529,0.2705352038961359,43.30517872483272,1.381799810957922,1.1273576747264886,-0.370368842008155
26,12,west bengal,1246066.7217925682,946883.961941727,0.0,75.98982826373515,0.0,56.879613705820354,24.115373929735053,4.050325700364849,27.574020200999716,2.8130870165290185,1.757621441778287,0.2598949250436433
26,13,west bengal,2712576.366993231,2112764.969312787,0.0,77.8877599547434,0.0,57.06078788936277,16.37678220569989,8.300138125438405,8.534684140387101,4.180868312962676,2.137671038866249,0.6399445221316054
26,14,west bengal,1149668.4570706794,859996.6635843487,0.0,74.80388439773274,0.0,43.37418205995227,31.369362207292877,10.33509027420042,7.155770008894624,2.964347999618231,1.8071116059687053,0.3093850892340617
26,15,west bengal,900256.5178091252,560322.9937625304,0.0,62.24037068080762,0.0,35.23757674197823,19.342915441532117,19.246179492428723,7.987284846875991,1.4554383672135833,1.1697879524230932,-0.32793856431155044
26,16,west bengal,1842096.7085419248,1370150.1656099332,0.0,74.37992583431998,0.0,51.872695626662605,27.412233649330858,6.187498060588622,30.264707458772882,0.8595824994666167,0.7785214707717156,-0.719205045962928
26,17,west bengal,763956.5516039578,520201.9431814289,0.0,68.09313200983011,0.0,39.36681128472229,30.678997411604737,6.88888510526418,7.708127846215189,1.9427796610169492,1.4177489529409493,-0.07997756379369436
28,1,chandigarh,64774.58281400646,32333.678777040688,51138.20045082025,49.91723199496864,0.789479425867679,66.20717584480114,16.506935196218155,0.0,76.66409663325624,1.4226971699495983,1.1511040733693425,-0.3466224433653011
29,1,dadra nagar haveli,52692.538776605514,34979.41911554033,0.0,66.38400792157414,0.0,32.37649573575395,1.9714465218050652,78.98784635715678,7.1181495844075195,0.39296087476507774,0.3834917515791373,-1.1142347651555062
30,1,daman diu,48411.04701064784,32253.38882905372,0.0,66.624026582114,0.0,64.52070014975604,3.8904365469155087,18.67602776122768,37.82708813062591,2.5789813023855577,1.6761711870411424,0.1784446703064988
30,2,daman diu,3819.962376095838,1514.4719143625182,0.0,39.64625211597953,0.0,53.255666708876795,3.73559579587185,0.31910852222362923,45.0500189945549,4.984709480122325,2.309435206280693,0.8117086895460495
31,1,nct of delhi,2708117.019536308,1124812.0152103417,2632686.3866453306,41.534837937059876,0.9721464647403262,62.44049769845883,19.05215821763353,0.0,74.96947130153735,0.5551529437880226,0.5299906224859489,-0.9677358942486948
33,1,puducherry,165326.218518127,103212.93271874612,142400.70983575488,62.429863601718715,0.8613316817631169,63.40915740920343,16.651598289109014,0.0,57.64772215446019,4.137033243675278,2.127423094321259,0.6296965775866155
33,3,puducherry,39127.97559467684,30864.206749997356,0.0,78.88015232302556,0.0,82.02230394355249,0.36774598618710197,0.0,87.16775794540617,0.9140767824497258,0.8192935732198225,-0.6784329435148211
33,4,puducherry,38898.84402733079,26678.64707981699,14537.836226763702,68.58467840605303,0.3737344024040726,64.2459476769966,19.904419372321033,0.0,83.58378085431345,2.2755688922230557,1.5604934750714954,0.06276695833685175
