pc91_state_id,pc91_district_id,state_clean,Cooks_Distance,Threshold_4_over_N,Is_Outlier
2,1,andhra pradesh,6.341617037327135e-05,0.009389671361502348,False
2,2,andhra pradesh,8.38973060040967e-07,0.009389671361502348,False
2,3,andhra pradesh,0.00042553140479524413,0.009389671361502348,False
2,4,andhra pradesh,3.104482825846595e-05,0.009389671361502348,False
2,5,andhra pradesh,3.973132110606751e-06,0.009389671361502348,False
2,6,andhra pradesh,0.00020898106225040986,0.009389671361502348,False
2,7,andhra pradesh,3.7089299076544905e-05,0.009389671361502348,False
2,8,andhra pradesh,0.0002508702209759351,0.009389671361502348,False
2,9,andhra pradesh,7.505581461382926e-05,0.009389671361502348,False
2,10,andhra pradesh,1.9574645934008754e-06,0.009389671361502348,False
2,11,andhra pradesh,9.085248367751466e-05,0.009389671361502348,False
2,12,andhra pradesh,4.660000863158241e-05,0.009389671361502348,False
2,13,andhra pradesh,0.0010739182321559656,0.009389671361502348,False
2,14,andhra pradesh,0.0006422778248251852,0.009389671361502348,False
2,15,andhra pradesh,0.004491636671953797,0.009389671361502348,False
2,16,andhra pradesh,0.00929795422534937,0.009389671361502348,False
2,17,andhra pradesh,4.490385388688507e-05,0.009389671361502348,False
2,18,andhra pradesh,4.626690874626304e-07,0.009389671361502348,False
2,19,andhra pradesh,0.0005174553759964062,0.009389671361502348,False
2,20,andhra pradesh,0.00021944320899204914,0.009389671361502348,False
2,21,andhra pradesh,0.001538330132444868,0.009389671361502348,False
2,22,andhra pradesh,0.0005181452769501159,0.009389671361502348,False
2,23,andhra pradesh,0.0005220814702616493,0.009389671361502348,False
3,2,arunachal pradesh,0.0012732454073128624,0.009389671361502348,False
3,4,arunachal pradesh,5.7370793205648714e-05,0.009389671361502348,False
3,6,arunachal pradesh,0.0003472234547386603,0.009389671361502348,False
3,7,arunachal pradesh,0.015643690262254907,0.009389671361502348,True
3,8,arunachal pradesh,0.01692391460727383,0.009389671361502348,True
3,9,arunachal pradesh,0.002780657829751834,0.009389671361502348,False
3,11,arunachal pradesh,0.08123804772549847,0.009389671361502348,True
4,2,assam,0.0004222964825741712,0.009389671361502348,False
4,3,assam,0.00012891812655919571,0.009389671361502348,False
4,4,assam,1.3555149668773817e-05,0.009389671361502348,False
4,5,assam,8.995780435505918e-06,0.009389671361502348,False
4,6,assam,1.7579189383133933e-05,0.009389671361502348,False
4,7,assam,0.0006103434319096626,0.009389671361502348,False
4,8,assam,0.0011944715794186106,0.009389671361502348,False
4,9,assam,4.1852846598393925e-08,0.009389671361502348,False
4,10,assam,0.0006237349590396252,0.009389671361502348,False
4,11,assam,0.0004300748887191953,0.009389671361502348,False
4,12,assam,0.00018961573555325626,0.009389671361502348,False
4,13,assam,0.0006011110923006457,0.009389671361502348,False
4,14,assam,0.0002693627012298682,0.009389671361502348,False
4,15,assam,0.0001675590399530792,0.009389671361502348,False
4,16,assam,0.0006098431379187376,0.009389671361502348,False
4,17,assam,0.0018557752151313915,0.009389671361502348,False
4,18,assam,0.0011748342221687632,0.009389671361502348,False
4,19,assam,0.0013164847139009793,0.009389671361502348,False
4,20,assam,0.0035135721311412714,0.009389671361502348,False
4,21,assam,0.0003007032411153883,0.009389671361502348,False
4,22,assam,5.315040155017594e-05,0.009389671361502348,False
4,23,assam,0.0037397776269965577,0.009389671361502348,False
5,1,bihar,4.694255210914879e-05,0.009389671361502348,False
5,2,bihar,0.00043117241078575763,0.009389671361502348,False
5,3,bihar,0.0005234004900801406,0.009389671361502348,False
5,4,bihar,0.00024082037223940446,0.009389671361502348,False
5,5,bihar,0.006762190198968234,0.009389671361502348,False
5,6,bihar,0.000990526204987389,0.009389671361502348,False
5,7,bihar,0.0018197700171454785,0.009389671361502348,False
5,8,bihar,0.004482924334922181,0.009389671361502348,False
5,9,bihar,0.0005480050832107261,0.009389671361502348,False
5,10,bihar,0.004060009217619878,0.009389671361502348,False
5,11,bihar,0.00023189276180928033,0.009389671361502348,False
5,12,bihar,1.0701202393585518e-05,0.009389671361502348,False
5,13,bihar,0.0017207678599256997,0.009389671361502348,False
5,14,bihar,1.2308606288029997e-05,0.009389671361502348,False
5,15,bihar,6.756893587813337e-05,0.009389671361502348,False
5,16,bihar,8.138243801296462e-06,0.009389671361502348,False
5,17,bihar,0.0015704326783208711,0.009389671361502348,False
5,18,bihar,0.0020406215990348238,0.009389671361502348,False
5,19,bihar,0.005822309694872304,0.009389671361502348,False
5,20,bihar,0.005255550221852485,0.009389671361502348,False
5,21,bihar,0.00010423298134975203,0.009389671361502348,False
5,22,bihar,0.0044498321847857335,0.009389671361502348,False
5,23,bihar,6.412254071288073e-05,0.009389671361502348,False
5,24,bihar,0.0003475397120855101,0.009389671361502348,False
5,25,bihar,0.0005873198614626104,0.009389671361502348,False
5,26,bihar,0.0012736684558801985,0.009389671361502348,False
5,27,bihar,0.0008247332978905237,0.009389671361502348,False
5,31,bihar,0.00035294903973359095,0.009389671361502348,False
5,32,bihar,0.00019569027641279222,0.009389671361502348,False
5,33,bihar,0.0015623797238022874,0.009389671361502348,False
5,34,bihar,0.0012927303437017077,0.009389671361502348,False
5,35,bihar,0.0050540480126342185,0.009389671361502348,False
5,36,bihar,0.024460373548130195,0.009389671361502348,True
5,37,bihar,0.013997392523719331,0.009389671361502348,True
5,38,bihar,0.001448504619307389,0.009389671361502348,False
5,39,bihar,0.00021213422856768767,0.009389671361502348,False
5,41,bihar,6.560297488938233e-05,0.009389671361502348,False
5,42,bihar,0.0005061293302290882,0.009389671361502348,False
6,1,goa,0.0032197851772245044,0.009389671361502348,False
6,2,goa,0.003219785177221264,0.009389671361502348,False
7,1,gujarat,0.00862188486593357,0.009389671361502348,False
7,2,gujarat,0.0018062899501591514,0.009389671361502348,False
7,3,gujarat,7.928883539299042e-05,0.009389671361502348,False
7,4,gujarat,0.007507634350493038,0.009389671361502348,False
7,5,gujarat,0.00459563793696581,0.009389671361502348,False
7,6,gujarat,0.0011605687429939006,0.009389671361502348,False
7,7,gujarat,0.00040782262470857877,0.009389671361502348,False
7,8,gujarat,0.00032048351972459603,0.009389671361502348,False
7,9,gujarat,0.015006353520690126,0.009389671361502348,True
7,10,gujarat,0.0006072287666777414,0.009389671361502348,False
7,12,gujarat,0.0007947692661953522,0.009389671361502348,False
7,13,gujarat,0.00042849291076679894,0.009389671361502348,False
7,14,gujarat,0.0001284387005133434,0.009389671361502348,False
7,15,gujarat,0.0010011439912243514,0.009389671361502348,False
7,16,gujarat,0.0023811493516633225,0.009389671361502348,False
7,17,gujarat,7.009361516269113e-06,0.009389671361502348,False
7,18,gujarat,4.3013526423362736e-05,0.009389671361502348,False
7,19,gujarat,0.0044062533603029565,0.009389671361502348,False
8,1,haryana,0.0004630726883135352,0.009389671361502348,False
8,2,haryana,0.00036959597607975946,0.009389671361502348,False
8,3,haryana,0.0012527378306281202,0.009389671361502348,False
8,4,haryana,2.898428542192681e-05,0.009389671361502348,False
8,5,haryana,0.0017902564890259114,0.009389671361502348,False
8,6,haryana,0.0009162750114038277,0.009389671361502348,False
8,8,haryana,0.006402579918021111,0.009389671361502348,False
8,9,haryana,5.022503207397398e-05,0.009389671361502348,False
8,10,haryana,1.1385662645839e-05,0.009389671361502348,False
8,11,haryana,0.000216363656367813,0.009389671361502348,False
8,12,haryana,0.0003430775792403297,0.009389671361502348,False
8,13,haryana,0.004267026564608679,0.009389671361502348,False
8,14,haryana,0.00047466285093285623,0.009389671361502348,False
8,15,haryana,0.0006479605210184927,0.009389671361502348,False
8,16,haryana,0.007596446694971876,0.009389671361502348,False
9,1,himachal pradesh,0.011289520250159517,0.009389671361502348,True
9,2,himachal pradesh,0.0006712531542516446,0.009389671361502348,False
9,3,himachal pradesh,0.005872178600191516,0.009389671361502348,False
9,4,himachal pradesh,0.0016565602177305283,0.009389671361502348,False
9,5,himachal pradesh,0.003985747551818645,0.009389671361502348,False
9,6,himachal pradesh,0.0008037776217227602,0.009389671361502348,False
9,7,himachal pradesh,0.0023721783671972925,0.009389671361502348,False
9,9,himachal pradesh,0.00045853039298423306,0.009389671361502348,False
9,10,himachal pradesh,0.000706611657901947,0.009389671361502348,False
9,11,himachal pradesh,0.0017348923416990276,0.009389671361502348,False
11,1,karnataka,0.0017637338019077518,0.009389671361502348,False
11,2,karnataka,0.0036930353753860646,0.009389671361502348,False
11,3,karnataka,0.00012605423166869357,0.009389671361502348,False
11,4,karnataka,0.0005597728976496263,0.009389671361502348,False
11,5,karnataka,0.0019171662130749532,0.009389671361502348,False
11,6,karnataka,6.952120977923984e-05,0.009389671361502348,False
11,7,karnataka,0.00032877042236921023,0.009389671361502348,False
11,8,karnataka,0.00019300417672531603,0.009389671361502348,False
11,9,karnataka,0.00039571158557789795,0.009389671361502348,False
11,10,karnataka,0.0003789256204068381,0.009389671361502348,False
11,11,karnataka,0.0002484689738602803,0.009389671361502348,False
11,12,karnataka,6.766249368366556e-07,0.009389671361502348,False
11,13,karnataka,6.369216549499049e-05,0.009389671361502348,False
11,14,karnataka,0.00017807477693331867,0.009389671361502348,False
11,15,karnataka,0.0007209433749843867,0.009389671361502348,False
11,16,karnataka,0.008038748546247214,0.009389671361502348,False
11,17,karnataka,0.0003338509840843328,0.009389671361502348,False
11,18,karnataka,3.801218351472214e-05,0.009389671361502348,False
11,19,karnataka,9.739466289348038e-06,0.009389671361502348,False
11,20,karnataka,1.2956307371008582e-05,0.009389671361502348,False
12,1,kerala,0.002466661998860157,0.009389671361502348,False
12,2,kerala,0.006825907158260829,0.009389671361502348,False
12,3,kerala,0.005712249714341269,0.009389671361502348,False
12,4,kerala,0.0009071369187814282,0.009389671361502348,False
12,5,kerala,0.003347870226239505,0.009389671361502348,False
12,6,kerala,0.0006732440181281835,0.009389671361502348,False
12,7,kerala,2.540324698523968e-05,0.009389671361502348,False
12,8,kerala,8.789259638360086e-05,0.009389671361502348,False
12,9,kerala,0.002395206473178653,0.009389671361502348,False
12,10,kerala,0.00045155470461339216,0.009389671361502348,False
12,11,kerala,7.015822845007007e-05,0.009389671361502348,False
12,12,kerala,0.0002612638878204099,0.009389671361502348,False
12,13,kerala,0.0013050075390521382,0.009389671361502348,False
12,14,kerala,0.00030460609414431064,0.009389671361502348,False
13,1,madhya pradesh,0.002491298591634735,0.009389671361502348,False
13,2,madhya pradesh,0.0008237016591552265,0.009389671361502348,False
13,3,madhya pradesh,3.321264658443822e-05,0.009389671361502348,False
13,4,madhya pradesh,0.0005372360233132737,0.009389671361502348,False
13,5,madhya pradesh,5.664301509060457e-06,0.009389671361502348,False
13,6,madhya pradesh,1.2301440741265493e-05,0.009389671361502348,False
13,7,madhya pradesh,0.0003691064783464564,0.009389671361502348,False
13,8,madhya pradesh,0.0014612377866899773,0.009389671361502348,False
13,9,madhya pradesh,0.0035393717977630825,0.009389671361502348,False
13,10,madhya pradesh,0.00016554809224673386,0.009389671361502348,False
13,11,madhya pradesh,0.003603871312092273,0.009389671361502348,False
13,12,madhya pradesh,0.0013499050683408273,0.009389671361502348,False
13,13,madhya pradesh,1.299242815554118e-08,0.009389671361502348,False
13,14,madhya pradesh,0.0033234148651280276,0.009389671361502348,False
13,15,madhya pradesh,0.004979869870031343,0.009389671361502348,False
13,16,madhya pradesh,0.0004317507205767734,0.009389671361502348,False
13,17,madhya pradesh,0.0007442733824672514,0.009389671361502348,False
13,18,madhya pradesh,0.0002970493466263741,0.009389671361502348,False
13,19,madhya pradesh,0.0010560091525270196,0.009389671361502348,False
13,20,madhya pradesh,0.0007097787350110114,0.009389671361502348,False
13,21,madhya pradesh,0.0018507280259079145,0.009389671361502348,False
13,22,madhya pradesh,0.0017179166369742916,0.009389671361502348,False
13,23,madhya pradesh,0.0014342498817617295,0.009389671361502348,False
13,24,madhya pradesh,0.0019602794553503743,0.009389671361502348,False
13,25,madhya pradesh,0.0006182725271610966,0.009389671361502348,False
13,26,madhya pradesh,1.9981315025448084e-05,0.009389671361502348,False
13,27,madhya pradesh,4.031001753709807e-05,0.009389671361502348,False
13,28,madhya pradesh,0.001797697031881003,0.009389671361502348,False
13,29,madhya pradesh,0.00035549978523130815,0.009389671361502348,False
13,30,madhya pradesh,0.000450687662133289,0.009389671361502348,False
13,31,madhya pradesh,1.3800360504626243e-05,0.009389671361502348,False
13,32,madhya pradesh,0.007497461272545255,0.009389671361502348,False
13,33,madhya pradesh,0.0010212207279062812,0.009389671361502348,False
13,34,madhya pradesh,0.00602008822977882,0.009389671361502348,False
13,35,madhya pradesh,0.00580940137622047,0.009389671361502348,False
13,36,madhya pradesh,4.8831159586251075e-05,0.009389671361502348,False
13,37,madhya pradesh,0.0011516035528403733,0.009389671361502348,False
13,38,madhya pradesh,0.0014842848403332732,0.009389671361502348,False
13,39,madhya pradesh,0.0036093204648038465,0.009389671361502348,False
13,40,madhya pradesh,2.200187902051885e-05,0.009389671361502348,False
13,41,madhya pradesh,1.9828771468663692e-05,0.009389671361502348,False
13,42,madhya pradesh,0.0015544538196287246,0.009389671361502348,False
13,43,madhya pradesh,0.0015581446309474078,0.009389671361502348,False
13,44,madhya pradesh,0.0018101128879699172,0.009389671361502348,False
13,45,madhya pradesh,0.0021715445372990543,0.009389671361502348,False
14,1,maharashtra,0.01575307825013486,0.009389671361502348,True
14,2,maharashtra,0.012136363908179496,0.009389671361502348,True
14,3,maharashtra,0.002001489068898231,0.009389671361502348,False
14,4,maharashtra,0.0018351647735228168,0.009389671361502348,False
14,5,maharashtra,0.004110551382778559,0.009389671361502348,False
14,6,maharashtra,0.0010517382262348546,0.009389671361502348,False
14,7,maharashtra,0.0012565627091764276,0.009389671361502348,False
14,8,maharashtra,0.000857206760415179,0.009389671361502348,False
14,9,maharashtra,0.0006641288930785079,0.009389671361502348,False
14,10,maharashtra,0.001001616365755518,0.009389671361502348,False
14,11,maharashtra,0.0004963139492260848,0.009389671361502348,False
14,12,maharashtra,0.0011142062924183276,0.009389671361502348,False
14,13,maharashtra,0.005976879853013025,0.009389671361502348,False
14,14,maharashtra,0.0013547988590783557,0.009389671361502348,False
14,15,maharashtra,0.0008345563213779053,0.009389671361502348,False
14,16,maharashtra,0.00065099071505455,0.009389671361502348,False
14,17,maharashtra,0.0005423384434561055,0.009389671361502348,False
14,18,maharashtra,0.0005374352635420864,0.009389671361502348,False
14,19,maharashtra,0.00010812785118366328,0.009389671361502348,False
14,20,maharashtra,0.00116349010252698,0.009389671361502348,False
14,21,maharashtra,3.741750651585113e-05,0.009389671361502348,False
14,22,maharashtra,3.713338276818921e-06,0.009389671361502348,False
14,23,maharashtra,0.0012831208176531058,0.009389671361502348,False
14,24,maharashtra,1.370992087370982e-05,0.009389671361502348,False
14,25,maharashtra,0.0003654703341506846,0.009389671361502348,False
14,26,maharashtra,3.029215172663938e-05,0.009389671361502348,False
14,27,maharashtra,0.0010262378652161758,0.009389671361502348,False
14,28,maharashtra,1.9265426529678665e-05,0.009389671361502348,False
14,29,maharashtra,1.0374476499929152e-05,0.009389671361502348,False
14,30,maharashtra,0.0005476186583797372,0.009389671361502348,False
15,4,manipur,0.00025897189215162995,0.009389671361502348,False
15,5,manipur,0.0012079551404656143,0.009389671361502348,False
15,6,manipur,0.0019317163620583221,0.009389671361502348,False
15,7,manipur,0.0006398618433316407,0.009389671361502348,False
16,1,meghalaya,0.006064858057647259,0.009389671361502348,False
16,2,meghalaya,5.413587840852043e-07,0.009389671361502348,False
16,3,meghalaya,0.0019310649471182455,0.009389671361502348,False
16,4,meghalaya,0.00205658792231162,0.009389671361502348,False
16,5,meghalaya,0.005803767519856979,0.009389671361502348,False
17,1,mizoram,0.005662893433621198,0.009389671361502348,False
17,2,mizoram,4.3053681861936755e-05,0.009389671361502348,False
17,3,mizoram,0.0048076694015747445,0.009389671361502348,False
18,1,nagaland,0.000620244344343739,0.009389671361502348,False
18,2,nagaland,0.00013506465959640864,0.009389671361502348,False
18,3,nagaland,5.018404637491459e-05,0.009389671361502348,False
18,4,nagaland,0.00033565424902641105,0.009389671361502348,False
18,5,nagaland,6.154740605598542e-05,0.009389671361502348,False
18,6,nagaland,0.00014251587365063893,0.009389671361502348,False
18,7,nagaland,0.0013123838689971773,0.009389671361502348,False
19,1,odisha,0.0008342766728428773,0.009389671361502348,False
19,2,odisha,0.00031986847770514303,0.009389671361502348,False
19,3,odisha,1.808518766503444e-05,0.009389671361502348,False
19,4,odisha,2.6541930217759617e-05,0.009389671361502348,False
19,5,odisha,0.00018560759244367174,0.009389671361502348,False
19,6,odisha,0.003290035842883627,0.009389671361502348,False
19,7,odisha,0.00031204355242832815,0.009389671361502348,False
19,8,odisha,2.1020204138143233e-06,0.009389671361502348,False
19,9,odisha,0.0004565610095844321,0.009389671361502348,False
19,10,odisha,0.001075434112948663,0.009389671361502348,False
19,11,odisha,0.000490599053184523,0.009389671361502348,False
19,12,odisha,0.005348095266231153,0.009389671361502348,False
19,13,odisha,0.0007715994847692409,0.009389671361502348,False
20,1,punjab,0.0007939659586095763,0.009389671361502348,False
20,2,punjab,2.31061675536246e-05,0.009389671361502348,False
20,3,punjab,0.001192837807341675,0.009389671361502348,False
20,5,punjab,0.0005707185918633082,0.009389671361502348,False
20,6,punjab,0.0015179997309432973,0.009389671361502348,False
20,7,punjab,9.114211030534923e-07,0.009389671361502348,False
20,8,punjab,1.6390908561001628e-05,0.009389671361502348,False
20,9,punjab,0.0032345346597497555,0.009389671361502348,False
20,10,punjab,0.00019156233604835285,0.009389671361502348,False
20,11,punjab,0.003999835651846068,0.009389671361502348,False
20,12,punjab,0.0113767464350718,0.009389671361502348,True
21,1,rajasthan,0.0007780826745031039,0.009389671361502348,False
21,2,rajasthan,0.000927530415870487,0.009389671361502348,False
21,3,rajasthan,0.0014544557399685863,0.009389671361502348,False
21,4,rajasthan,0.00043301897653872626,0.009389671361502348,False
21,5,rajasthan,3.0968577935981914e-05,0.009389671361502348,False
21,6,rajasthan,0.0023840353606776133,0.009389671361502348,False
21,7,rajasthan,0.0048439769596530955,0.009389671361502348,False
21,8,rajasthan,0.007283795626057738,0.009389671361502348,False
21,9,rajasthan,3.8880411422915846e-06,0.009389671361502348,False
21,10,rajasthan,9.200207049812344e-06,0.009389671361502348,False
21,11,rajasthan,0.0001293675301061869,0.009389671361502348,False
21,12,rajasthan,0.0008048065869873728,0.009389671361502348,False
21,13,rajasthan,4.732346222252945e-05,0.009389671361502348,False
21,14,rajasthan,0.002932932441733605,0.009389671361502348,False
21,15,rajasthan,0.0006894600580412909,0.009389671361502348,False
21,16,rajasthan,0.0005199334062323023,0.009389671361502348,False
21,17,rajasthan,7.248253701535055e-05,0.009389671361502348,False
21,18,rajasthan,0.00017839250062576985,0.009389671361502348,False
21,19,rajasthan,0.0013327305010165577,0.009389671361502348,False
21,20,rajasthan,9.163091037355663e-07,0.009389671361502348,False
21,21,rajasthan,0.0020633619782470924,0.009389671361502348,False
21,22,rajasthan,0.009574271687914228,0.009389671361502348,True
21,23,rajasthan,0.0007636775834128075,0.009389671361502348,False
21,24,rajasthan,0.0006345465802630958,0.009389671361502348,False
21,25,rajasthan,5.976245643052548e-07,0.009389671361502348,False
21,26,rajasthan,0.004159523754705013,0.009389671361502348,False
21,27,rajasthan,0.0032596884354183756,0.009389671361502348,False
22,1,sikkim,0.00014236459465792172,0.009389671361502348,False
22,2,sikkim,0.0020613250227904454,0.009389671361502348,False
22,3,sikkim,0.0003318106583201065,0.009389671361502348,False
22,4,sikkim,0.0013910225195633708,0.009389671361502348,False
23,2,tamil nadu,0.00017168013215951972,0.009389671361502348,False
23,3,tamil nadu,0.0007369289119259271,0.009389671361502348,False
23,4,tamil nadu,2.7582792757491967e-05,0.009389671361502348,False
23,5,tamil nadu,0.00028508288813931375,0.009389671361502348,False
23,6,tamil nadu,4.493381571780186e-05,0.009389671361502348,False
23,7,tamil nadu,3.3387703070045675e-05,0.009389671361502348,False
23,8,tamil nadu,0.00021274071129452537,0.009389671361502348,False
23,9,tamil nadu,0.0005077062053995381,0.009389671361502348,False
23,10,tamil nadu,0.00010423953369093007,0.009389671361502348,False
23,11,tamil nadu,0.00015134707403806442,0.009389671361502348,False
23,12,tamil nadu,5.275084546570514e-06,0.009389671361502348,False
23,13,tamil nadu,0.0006143655033845441,0.009389671361502348,False
23,14,tamil nadu,1.5572522304733812e-05,0.009389671361502348,False
23,15,tamil nadu,2.556566365979224e-07,0.009389671361502348,False
23,16,tamil nadu,0.003438952676751653,0.009389671361502348,False
23,17,tamil nadu,0.0001359673140538045,0.009389671361502348,False
23,18,tamil nadu,0.00022962993961702855,0.009389671361502348,False
23,19,tamil nadu,0.002419328819607501,0.009389671361502348,False
23,20,tamil nadu,0.0003463949726693377,0.009389671361502348,False
23,21,tamil nadu,0.0026710446221200604,0.009389671361502348,False
24,1,tripura,0.002801972705234745,0.009389671361502348,False
24,2,tripura,0.0029974213401965607,0.009389671361502348,False
24,3,tripura,6.314294910367772e-06,0.009389671361502348,False
25,1,uttar pradesh,0.00015145044496975301,0.009389671361502348,False
25,2,uttar pradesh,0.0006750734063105917,0.009389671361502348,False
25,3,uttar pradesh,0.0003954089418020397,0.009389671361502348,False
25,4,uttar pradesh,0.0014009460089667645,0.009389671361502348,False
25,5,uttar pradesh,0.00011918026774858254,0.009389671361502348,False
25,6,uttar pradesh,0.006755233128181823,0.009389671361502348,False
25,7,uttar pradesh,0.006444462712986125,0.009389671361502348,False
25,8,uttar pradesh,0.000154677443730124,0.009389671361502348,False
25,9,uttar pradesh,0.0009212066441777058,0.009389671361502348,False
25,10,uttar pradesh,0.00010646607496611031,0.009389671361502348,False
25,11,uttar pradesh,0.004094155687629476,0.009389671361502348,False
25,12,uttar pradesh,7.273029260299612e-06,0.009389671361502348,False
25,13,uttar pradesh,2.591991662664167e-05,0.009389671361502348,False
25,14,uttar pradesh,0.00043921231295204825,0.009389671361502348,False
25,15,uttar pradesh,0.0033376567491925115,0.009389671361502348,False
25,16,uttar pradesh,0.0012143351173950173,0.009389671361502348,False
25,17,uttar pradesh,0.003216946859093189,0.009389671361502348,False
25,18,uttar pradesh,0.004267628834476692,0.009389671361502348,False
25,19,uttar pradesh,0.00048708541348230563,0.009389671361502348,False
25,20,uttar pradesh,4.2095570061306736e-05,0.009389671361502348,False
25,21,uttar pradesh,0.000499773409172575,0.009389671361502348,False
25,23,uttar pradesh,0.004506823962575288,0.009389671361502348,False
25,24,uttar pradesh,0.001187496859041351,0.009389671361502348,False
25,25,uttar pradesh,0.007631024510881089,0.009389671361502348,False
25,26,uttar pradesh,0.0013184863881266027,0.009389671361502348,False
25,27,uttar pradesh,0.0013189462120838625,0.009389671361502348,False
25,28,uttar pradesh,0.00023556344663473193,0.009389671361502348,False
25,29,uttar pradesh,7.810692263818008e-07,0.009389671361502348,False
25,30,uttar pradesh,1.7187612723286154e-05,0.009389671361502348,False
25,31,uttar pradesh,3.065500792445269e-05,0.009389671361502348,False
25,32,uttar pradesh,7.584449908731263e-06,0.009389671361502348,False
25,33,uttar pradesh,0.0054307780317108135,0.009389671361502348,False
25,34,uttar pradesh,0.0011736756051978926,0.009389671361502348,False
25,35,uttar pradesh,1.887616663307858e-09,0.009389671361502348,False
25,36,uttar pradesh,0.0006529492265588551,0.009389671361502348,False
25,38,uttar pradesh,0.0010630146486959576,0.009389671361502348,False
25,39,uttar pradesh,4.2436265980712185e-05,0.009389671361502348,False
25,40,uttar pradesh,0.00018092904546162505,0.009389671361502348,False
25,41,uttar pradesh,0.0004750898699725084,0.009389671361502348,False
25,42,uttar pradesh,0.00015462585073799947,0.009389671361502348,False
25,43,uttar pradesh,0.00013782159671825553,0.009389671361502348,False
25,44,uttar pradesh,0.00024026378696755674,0.009389671361502348,False
25,45,uttar pradesh,7.742540825442288e-06,0.009389671361502348,False
25,46,uttar pradesh,0.0011209153388955636,0.009389671361502348,False
25,47,uttar pradesh,0.00024592672592902164,0.009389671361502348,False
25,48,uttar pradesh,0.0001428716405397956,0.009389671361502348,False
25,50,uttar pradesh,0.024747806266224647,0.009389671361502348,True
25,51,uttar pradesh,7.175002613292624e-05,0.009389671361502348,False
25,52,uttar pradesh,0.0003291500142136953,0.009389671361502348,False
25,53,uttar pradesh,6.62233579950206e-05,0.009389671361502348,False
25,54,uttar pradesh,1.2147293536410635e-05,0.009389671361502348,False
25,55,uttar pradesh,0.0006877901592202109,0.009389671361502348,False
25,56,uttar pradesh,8.109494980348213e-05,0.009389671361502348,False
25,57,uttar pradesh,0.0001076648092609988,0.009389671361502348,False
25,58,uttar pradesh,0.00029657442661354627,0.009389671361502348,False
25,59,uttar pradesh,1.847260262109011e-05,0.009389671361502348,False
25,60,uttar pradesh,5.1670257646884864e-05,0.009389671361502348,False
25,61,uttar pradesh,3.9328805141735774e-05,0.009389671361502348,False
25,62,uttar pradesh,6.088574200873325e-05,0.009389671361502348,False
25,63,uttar pradesh,0.0009171090386726614,0.009389671361502348,False
26,1,west bengal,2.453324067375538e-06,0.009389671361502348,False
26,2,west bengal,9.889517824509576e-05,0.009389671361502348,False
26,3,west bengal,0.029566758032038374,0.009389671361502348,True
26,4,west bengal,0.0004229099724841201,0.009389671361502348,False
26,5,west bengal,1.5662288901071813e-06,0.009389671361502348,False
26,6,west bengal,0.0008287368427845303,0.009389671361502348,False
26,7,west bengal,1.7696478015315922e-06,0.009389671361502348,False
26,8,west bengal,0.003622698169457524,0.009389671361502348,False
26,9,west bengal,7.837646458548752e-06,0.009389671361502348,False
26,10,west bengal,0.0013800136787297218,0.009389671361502348,False
26,11,west bengal,7.66190173986607e-05,0.009389671361502348,False
26,12,west bengal,0.0009993661313823586,0.009389671361502348,False
26,13,west bengal,0.002293473691750621,0.009389671361502348,False
26,14,west bengal,0.0011089192506025065,0.009389671361502348,False
26,15,west bengal,0.0005104955888930572,0.009389671361502348,False
26,16,west bengal,0.004200501476413491,0.009389671361502348,False
26,17,west bengal,0.0003325339312263705,0.009389671361502348,False
28,1,chandigarh,,0.009389671361502348,False
29,1,dadra nagar haveli,,0.009389671361502348,False
30,1,daman diu,0.054167287719038164,0.009389671361502348,True
30,2,daman diu,0.05416728771904073,0.009389671361502348,True
31,1,nct of delhi,15.854087380639115,0.009389671361502348,True
33,1,puducherry,0.0529554783695204,0.009389671361502348,True
33,3,puducherry,0.07284541156718247,0.009389671361502348,True
33,4,puducherry,0.0017289397115289758,0.009389671361502348,False
