State/UT,Constituency,Electors_Male,Electors_Female,Electors_Total,Voted_Male,Voted_Female,Voted_Total
ANDHRA PRADESH CODE : S01,Srikakulam NO : 1,476683,506646,983329,319823,327396,647219
ANDHRA PRADESH CODE : S01,Parvathipuram (ST) NO : 2,443058,471861,914919,307474,286521,593995
ANDHRA PRADESH CODE : S01,Bobbili NO : 3,461684,481216,942900,327741,312285,640026
ANDHRA PRADESH CODE : S01,Visakhapatnam NO : 4,701119,693356,1394475,454240,394954,849194
ANDHRA PRADESH CODE : S01,Bhadrachalam (ST) NO : 5,546040,556068,1102108,365597,310988,676585
ANDHRA PRADESH CODE : S01,Anakapalli NO : 6,505982,531073,1037055,354148,347577,701725
ANDHRA PRADESH CODE : S01,Kakinada NO : 7,578020,586858,1164878,388604,356539,745143
ANDHRA PRADESH CODE : S01,Rajahmundry NO : 8,556491,563992,1120483,394424,375525,769949
ANDHRA PRADESH CODE : S01,Amalapuram (SC) NO : 9,451561,456931,908492,337336,300306,637642
ANDHRA PRADESH CODE : S01,Narasapur NO : 10,506339,514309,1020648,376751,346664,723415
ANDHRA PRADESH CODE : S01,Eluru NO : 11,557257,561380,1118637,413978,381101,795079
ANDHRA PRADESH CODE : S01,Machilipatnam NO : 12,499737,502790,1002527,371097,339302,710399
ANDHRA PRADESH CODE : S01,Vijayawada NO : 13,680606,670457,1351063,466587,426853,893440
ANDHRA PRADESH CODE : S01,Tenali NO : 14,480766,481226,961992,331736,300501,632237
ANDHRA PRADESH CODE : S01,Guntur NO : 15,635232,635300,1270532,395241,349782,745023
ANDHRA PRADESH CODE : S01,Bapatla NO : 16,532944,540946,1073890,349085,326634,675719
ANDHRA PRADESH CODE : S01,Narasaraopet NO : 17,638012,636447,1274459,371354,357146,728500
ANDHRA PRADESH CODE : S01,Ongole NO : 18,593280,591698,1184978,386529,378776,765305
ANDHRA PRADESH CODE : S01,Nellore (SC) NO : 19,588341,594534,1182875,373374,327483,700857
ANDHRA PRADESH CODE : S01,Tirupathi (SC) NO : 20,599555,609083,1208638,400988,357803,758791
ANDHRA PRADESH CODE : S01,Chittoor NO : 21,566550,566287,1132837,427351,383759,811110
ANDHRA PRADESH CODE : S01,Rajampet NO : 22,493820,490579,984399,323854,266307,590161
ANDHRA PRADESH CODE : S01,Cuddapah NO : 23,574717,578019,1152736,399195,368763,767958
ANDHRA PRADESH CODE : S01,Hindupur NO : 24,595467,576241,1171708,397465,317181,714646
ANDHRA PRADESH CODE : S01,Anantapur NO : 25,613363,601154,1214517,365381,290870,656251
ANDHRA PRADESH CODE : S01,Kurnool NO : 26,573048,576090,1149138,385393,327602,712995
ANDHRA PRADESH CODE : S01,Nandyal NO : 27,563264,559886,1123150,393494,347392,740886
ANDHRA PRADESH CODE : S01,Nagarkurnool (SC) NO : 28,597811,598750,1196561,400355,382248,782603
ANDHRA PRADESH CODE : S01,Mahabubnagar NO : 29,617048,626577,1243625,381519,363146,744665
ANDHRA PRADESH CODE : S01,Hyderabad NO : 30,765837,732678,1498515,506996,442564,949560
ANDHRA PRADESH CODE : S01,Secunderabad NO : 31,868981,822437,1691418,489064,388105,877169
ANDHRA PRADESH CODE : S01,Siddipet (SC) NO : 32,800110,776277,1576387,500614,429738,930352
ANDHRA PRADESH CODE : S01,Medak NO : 33,605783,622386,1228169,413474,374055,787529
ANDHRA PRADESH CODE : S01,Nizamabad NO : 34,546992,587649,1134641,351395,347117,698512
ANDHRA PRADESH CODE : S01,Adilabad NO : 35,527651,545311,1072962,362861,324296,687157
ANDHRA PRADESH CODE : S01,Peddapalli (SC) NO : 36,661593,646749,1308342,396339,324907,721246
ANDHRA PRADESH CODE : S01,Karimnagar NO : 37,612316,631325,1243641,360989,339495,700484
ANDHRA PRADESH CODE : S01,Hanamkonda NO : 38,562496,551393,1113889,319755,264552,584307
ANDHRA PRADESH CODE : S01,Warangal NO : 39,562181,556587,1118768,402937,353183,756120
ANDHRA PRADESH CODE : S01,Khammam NO : 40,621813,610906,1232719,471024,424417,895441
ANDHRA PRADESH CODE : S01,Nalgonda NO : 41,733553,693473,1427026,448539,402579,851118
ANDHRA PRADESH CODE : S01,Miryalguda NO : 42,638167,629081,1267248,450549,395617,846166
ARUNACHAL PRADE CODE : S02,Arunachal West NO : 1,161287,149860,311147,91628,78160,169788
ARUNACHAL PRADE CODE : S02,Arunachal East NO : 2,127386,105907,233293,73712,56180,129892
ASSAM CODE : S03,Karimganj (SC) NO : 1,457650,418892,876542,392702,310652,703354
ASSAM CODE : S03,Silchar NO : 2,400081,353217,753298,305501,286751,592252
ASSAM CODE : S03,Autonomous District NO : 3,263491,183105,446596,217501,139057,356558
ASSAM CODE : S03,Dhubri NO : 4,479410,451532,930942,421134,389513,810647
ASSAM CODE : S03,Kokrajhar (ST) NO : 5,505487,472410,977897,436090,371829,807919
ASSAM CODE : S03,Barpeta NO : 6,467340,390018,857358,386430,318777,705207
ASSAM CODE : S03,Gauhati NO : 7,617170,552898,1170068,466025,406480,872505
ASSAM CODE : S03,Mangaldoi NO : 8,551052,498301,1049353,439565,395444,835009
ASSAM CODE : S03,Tezpur NO : 9,450532,403178,853710,357090,320359,677449
ASSAM CODE : S03,Nowgong NO : 10,521234,452078,973312,437298,327813,765111
ASSAM CODE : S03,Kaliabor NO : 11,538605,461355,999960,445036,333687,778723
ASSAM CODE : S03,Jorhat NO : 12,491592,444694,936286,372115,305254,677369
ASSAM CODE : S03,Dibrugarh NO : 13,441434,399459,840893,321155,270142,591297
ASSAM CODE : S03,Lakhimpur NO : 14,485083,436361,921444,359353,348236,707589
BIHAR CODE : S04,Bagaha (SC) NO : 1,546478,463857,1010335,305475,157540,463015
BIHAR CODE : S04,Bettiah NO : 2,592937,498840,1091777,410642,221112,631754
BIHAR CODE : S04,Motihari NO : 3,604804,510804,1115608,420591,197921,618512
BIHAR CODE : S04,Gopalganj NO : 4,630384,528968,1159352,387375,298071,685446
BIHAR CODE : S04,Siwan NO : 5,495254,497171,992425,370891,259569,630460
BIHAR CODE : S04,Maharajganj NO : 6,488565,497323,985888,368913,237983,606896
BIHAR CODE : S04,Chapra NO : 7,541408,460488,1001896,428617,286841,715458
BIHAR CODE : S04,Hajipur (SC) NO : 8,569572,488620,1058192,449733,310026,759759
BIHAR CODE : S04,Vaishali NO : 9,632897,421922,1054819,427053,284710,711763
BIHAR CODE : S04,Muzaffarpur NO : 10,633678,422444,1056122,386507,259330,645837
BIHAR CODE : S04,Sitamarhi NO : 11,590151,525322,1115473,448956,297958,746914
BIHAR CODE : S04,Sheohar NO : 12,577940,506125,1084065,441198,251551,692749
BIHAR CODE : S04,Madhubani NO : 13,590425,515807,1106232,425286,182266,607552
BIHAR CODE : S04,Jhanjharpur NO : 14,550025,507232,1057257,423315,248618,671933
BIHAR CODE : S04,Darbhanga NO : 15,538121,487715,1025836,439857,188505,628362
BIHAR CODE : S04,Rosera (SC) NO : 16,557722,501786,1059508,382884,223201,606085
BIHAR CODE : S04,Samastipur NO : 17,641919,575195,1217114,450817,284449,735266
BIHAR CODE : S04,Barh NO : 18,580445,508173,1088618,372415,335203,707618
BIHAR CODE : S04,Balia NO : 19,527054,467455,994509,291847,245770,537617
BIHAR CODE : S04,Saharsa NO : 20,595512,535492,1131004,420409,288970,709379
BIHAR CODE : S04,Madhepura NO : 21,520854,478424,999278,327939,296848,624787
BIHAR CODE : S04,Araria (SC) NO : 22,562052,487437,1049489,371884,223029,594913
BIHAR CODE : S04,Kishanganj NO : 23,587727,543156,1130883,424835,269453,694288
BIHAR CODE : S04,Purnea NO : 24,562698,512195,1074893,411206,268440,679646
BIHAR CODE : S04,Katihar NO : 25,521339,474310,995649,355703,291030,646733
BIHAR CODE : S04,Rajmahal (ST) NO : 26,481177,467096,948273,336270,233327,569597
BIHAR CODE : S04,Dumka (ST) NO : 27,485725,464184,949909,317214,211476,528690
BIHAR CODE : S04,Godda NO : 28,559591,524149,1083740,397459,233639,631098
BIHAR CODE : S04,Banka NO : 29,551960,501463,1053423,378595,262355,640950
BIHAR CODE : S04,Bhagalpur NO : 30,661438,566502,1227940,413316,242012,655328
BIHAR CODE : S04,Khagaria NO : 31,548646,484922,1033568,380017,302984,683001
BIHAR CODE : S04,Monghyr NO : 32,605172,527635,1132807,385748,356294,742042
BIHAR CODE : S04,Begusarai NO : 33,574419,528130,1102549,402127,267656,669783
BIHAR CODE : S04,Nalanda NO : 34,617518,555583,1173101,496691,394203,890894
BIHAR CODE : S04,Patna NO : 35,801193,651104,1452297,442914,338960,781874
BIHAR CODE : S04,Arrah NO : 36,573723,528252,1101975,342176,302347,644523
BIHAR CODE : S04,Buxar NO : 37,542165,482209,1024374,382507,209638,592145
BIHAR CODE : S04,Sasaram (SC) NO : 38,599917,539024,1138941,358338,238888,597226
BIHAR CODE : S04,Bikramganj NO : 39,601647,519930,1121577,398646,260749,659395
BIHAR CODE : S04,Aurangabad NO : 40,577123,510991,1088114,374525,171651,546176
BIHAR CODE : S04,Jahanabad NO : 41,558114,534908,1093022,492803,302255,795058
BIHAR CODE : S04,Nawada (SC) NO : 42,601931,575454,1177385,409417,341885,751302
BIHAR CODE : S04,Gaya (SC) NO : 43,580079,485783,1065862,380204,257808,638012
BIHAR CODE : S04,Chatra NO : 44,537208,478908,1016116,311797,203631,515428
BIHAR CODE : S04,Kodarma NO : 45,575598,539081,1114679,390334,239130,629464
BIHAR CODE : S04,Giridih NO : 46,602917,505623,1108540,408657,201283,609940
BIHAR CODE : S04,Dhanbad NO : 47,803505,628664,1432169,512673,307217,819890
BIHAR CODE : S04,Hazaribagh NO : 48,644691,568350,1213041,416980,211942,628922
BIHAR CODE : S04,Ranchi NO : 49,599772,526378,1126150,325957,286023,611980
BIHAR CODE : S04,Jamshedpur NO : 50,600385,537745,1138130,399904,273844,673748
BIHAR CODE : S04,Singhbhum (ST) NO : 51,424108,414118,838226,294299,184911,479210
BIHAR CODE : S04,Khunti (ST) NO : 52,417622,405390,823012,238775,193372,432147
BIHAR CODE : S04,Lohardaga (ST) NO : 53,478222,460503,938725,296505,190241,486746
BIHAR CODE : S04,Palamu (SC) NO : 54,567009,497441,1064450,292068,194708,486776
GOA CODE : S05,Panaji NO : 1,193130,194329,387459,117608,98473,216081
GOA CODE : S05,Mormugao NO : 2,244072,237562,481634,145129,128337,273466
GUJARAT CODE : S06,Kutch NO : 1,413519,413197,826716,177446,139265,316711
GUJARAT CODE : S06,Surendranagar NO : 2,484146,451292,935438,221187,142333,363520
GUJARAT CODE : S06,Jamnagar NO : 3,469224,443203,912427,194566,129952,324518
GUJARAT CODE : S06,Rajkot NO : 4,696867,652762,1349629,257670,159263,416933
GUJARAT CODE : S06,Porbandar NO : 5,450868,430890,881758,181638,122715,304353
GUJARAT CODE : S06,Junagadh NO : 6,541618,510322,1051940,203494,134208,337702
GUJARAT CODE : S06,Amreli NO : 7,412533,393216,805749,213736,149676,363412
GUJARAT CODE : S06,Bhavnagar NO : 8,493895,455990,949885,262889,178275,441164
GUJARAT CODE : S06,Dhandhuka (SC) NO : 9,501157,475313,976470,199917,119558,319475
GUJARAT CODE : S06,Ahmedabad NO : 10,678544,601310,1279854,222353,129797,352150
GUJARAT CODE : S06,Gandhinagar NO : 11,908307,844637,1752944,310193,187817,498010
GUJARAT CODE : S06,Mehsana NO : 12,531264,529728,1060992,276275,202408,478683
GUJARAT CODE : S06,Patan (SC) NO : 13,484117,487215,971332,195820,117544,313364
GUJARAT CODE : S06,Banaskantha NO : 14,552213,533101,1085314,294839,187830,482669
GUJARAT CODE : S06,Sabarkantha NO : 15,546929,548775,1095704,253137,184323,437460
GUJARAT CODE : S06,Kapadvanj NO : 16,561070,541417,1102487,197300,112448,309748
GUJARAT CODE : S06,Dohad (ST) NO : 17,508981,497627,1006608,176657,131820,308477
GUJARAT CODE : S06,Godhra NO : 18,518236,480713,998949,200403,125676,326079
GUJARAT CODE : S06,Kaira NO : 19,529470,504872,1034342,232476,139023,371499
GUJARAT CODE : S06,Anand NO : 20,521973,495250,1017223,232394,139198,371592
GUJARAT CODE : S06,Chhota Udaipur (ST) NO : 21,486077,456954,943031,202170,148467,350637
GUJARAT CODE : S06,Baroda NO : 22,727377,668880,1396257,271306,165930,437236
GUJARAT CODE : S06,Broach NO : 23,527472,501187,1028659,262462,196085,458547
GUJARAT CODE : S06,Surat NO : 24,1026658,863968,1890626,386383,247002,633385
GUJARAT CODE : S06,Mandvi (ST) NO : 25,521358,522415,1043773,271313,230194,501507
GUJARAT CODE : S06,Bulsar (ST) NO : 26,572825,558162,1130987,242172,187647,429819
HARYANA CODE : S07,Ambala (SC) NO : 1,593140,505627,1098767,449445,374853,824298
HARYANA CODE : S07,Kurukshetra NO : 2,588287,512247,1100534,452869,376160,829029
HARYANA CODE : S07,Karnal NO : 3,622770,526371,1149141,450360,379556,829916
HARYANA CODE : S07,Sonepat NO : 4,583742,475222,1058964,407481,318494,725975
HARYANA CODE : S07,Rohtak NO : 5,516489,433271,949760,356240,288240,644480
HARYANA CODE : S07,Faridabad NO : 6,743783,650604,1394387,484415,360574,844989
HARYANA CODE : S07,Mahendragarh NO : 7,649260,588729,1237989,439326,380129,819455
HARYANA CODE : S07,Bhiwani NO : 8,572576,487987,1060563,410633,338666,749299
HARYANA CODE : S07,Hissar NO : 9,561531,468936,1030467,413309,332940,746249
HARYANA CODE : S07,Sirsa (SC) NO : 10,574335,497949,1072284,457660,389513,847173
HIMACHAL PRADES CODE : S08,Simla (SC) NO : 1,469581,414110,883691,265976,204302,470278
HIMACHAL PRADES CODE : S08,Mandi NO : 2,461974,447776,909750,278659,251545,530204
HIMACHAL PRADES CODE : S08,Kangra NO : 3,425746,449774,875520,266718,269360,536078
HIMACHAL PRADES CODE : S08,Hamirpur NO : 4,418733,448823,867556,238818,261063,499881
JAMMU & KASHMIR CODE : S09,Baramulla NO : 1,391549,313052,704601,232956,95732,328688
JAMMU & KASHMIR CODE : S09,Srinagar NO : 2,412059,374242,786301,195426,126502,321928
JAMMU & KASHMIR CODE : S09,Anantnag NO : 3,421122,343548,764670,280168,103693,383861
JAMMU & KASHMIR CODE : S09,Ladakh NO : 4,66350,65052,131402,56414,49933,106347
JAMMU & KASHMIR CODE : S09,Udhampur NO : 5,443716,418520,862236,234336,225120,459456
JAMMU & KASHMIR CODE : S09,Jammu NO : 6,643921,562578,1206499,370302,211012,581314
KARNATAKA CODE : S10,Bidar (SC) NO : 1,577364,551067,1128431,295733,201974,497707
KARNATAKA CODE : S10,Gulbarga NO : 2,603722,600752,1204474,326744,253935,580679
KARNATAKA CODE : S10,Raichur NO : 3,560560,570682,1131242,296592,200568,497160
KARNATAKA CODE : S10,Koppal NO : 4,580576,586763,1167339,347258,275793,623051
KARNATAKA CODE : S10,Bellary NO : 5,575557,580114,1155671,353424,289209,642633
KARNATAKA CODE : S10,Davangere NO : 6,584112,559388,1143500,416647,331303,747950
KARNATAKA CODE : S10,Chitradurga NO : 7,568472,550213,1118685,394610,327875,722485
KARNATAKA CODE : S10,Tumkur NO : 8,532719,516989,1049708,374332,309940,684272
KARNATAKA CODE : S10,Chikballapur NO : 9,561862,538515,1100377,421315,359741,781056
KARNATAKA CODE : S10,Kolar (SC) NO : 10,530552,515309,1045861,388078,326085,714163
KARNATAKA CODE : S10,Kanakapura NO : 11,904667,819597,1724264,578568,488294,1066862
KARNATAKA CODE : S10,Bangalore North NO : 12,807109,731348,1538457,457593,377166,834759
KARNATAKA CODE : S10,Bangalore South NO : 13,685666,614832,1300498,404697,322523,727220
KARNATAKA CODE : S10,Mandya NO : 14,528185,512066,1040251,400098,345798,745896
KARNATAKA CODE : S10,Chamarajanagar (SC NO : 15,535385,522365,1057750,387273,327694,714967
KARNATAKA CODE : S10,Mysore NO : 16,620158,590444,1210602,409960,347145,757105
KARNATAKA CODE : S10,Mangalore NO : 17,484741,480115,964856,357717,336454,694171
KARNATAKA CODE : S10,Udupi NO : 18,474447,518583,993030,305664,336752,642416
KARNATAKA CODE : S10,Hassan NO : 19,567056,567749,1134805,414540,357758,772298
KARNATAKA CODE : S10,Chikmagalur NO : 20,497484,499064,996548,347181,302594,649775
KARNATAKA CODE : S10,Shimoga NO : 21,550624,527876,1078500,400538,335072,735610
KARNATAKA CODE : S10,Kanara NO : 22,544210,524297,1068507,365319,297181,662500
KARNATAKA CODE : S10,Dharwad South NO : 23,536593,504154,1040747,346685,275636,622321
KARNATAKA CODE : S10,Dharwad North NO : 24,549047,522257,1071304,335700,262456,598156
KARNATAKA CODE : S10,Belgaum NO : 25,585154,581156,1166310,369734,290945,660679
KARNATAKA CODE : S10,Chikkodi (SC) NO : 26,520243,507318,1027561,316841,267348,584189
KARNATAKA CODE : S10,Bagalkot NO : 27,524057,530279,1054336,357320,318399,675719
KARNATAKA CODE : S10,Bijapur NO : 28,557359,539096,1096455,290348,229285,519633
KERALA CODE : S11,Kasaragod NO : 1,542029,577686,1119715,394114,418261,812375
KERALA CODE : S11,Cannanore NO : 2,510212,535976,1046188,382956,391813,774769
KERALA CODE : S11,Badagara NO : 3,525502,564214,1089716,394800,430403,825203
KERALA CODE : S11,Calicut NO : 4,515003,544408,1059411,387914,370822,758736
KERALA CODE : S11,Manjeri NO : 5,563235,589790,1153025,395050,400671,795721
KERALA CODE : S11,Ponnani NO : 6,520134,571046,1091180,345903,387520,733423
KERALA CODE : S11,Palghat NO : 7,522094,539989,1062083,370395,367454,737849
KERALA CODE : S11,Ottapalam (SC) NO : 8,489774,546126,1035900,334216,361507,695723
KERALA CODE : S11,Trichur NO : 9,469272,525960,995232,339174,369042,708216
KERALA CODE : S11,Mukundapuram NO : 10,488635,515792,1004427,367452,381987,749439
KERALA CODE : S11,Ernakulam NO : 11,527699,542364,1070063,364472,365443,729915
KERALA CODE : S11,Muvattupuzha NO : 12,487628,487396,975024,370800,348619,719419
KERALA CODE : S11,Kottayam NO : 13,481959,486375,968334,362080,339580,701660
KERALA CODE : S11,Idukki NO : 14,518359,515976,1034335,370245,359587,729832
KERALA CODE : S11,Alleppey NO : 15,471490,502371,973861,372979,385395,758374
KERALA CODE : S11,Mavelikara NO : 16,416556,464264,880820,298498,335095,633593
KERALA CODE : S11,Adoor (SC) NO : 17,452953,487147,940100,323624,357954,681578
KERALA CODE : S11,Quilon NO : 18,501559,520616,1022175,354958,383120,738078
KERALA CODE : S11,Chirayinkil NO : 19,486398,549047,1035445,327840,368184,696024
KERALA CODE : S11,Trivandrum NO : 20,551888,564945,1116833,365051,356036,721087
MADHYA PRADESH CODE : S12,Morena (SC) NO : 1,666693,550470,1217163,303366,107009,410375
MADHYA PRADESH CODE : S12,Bhind NO : 2,652349,537478,1189827,331768,181713,513481
MADHYA PRADESH CODE : S12,Gwalior NO : 3,646083,536988,1183071,301930,216310,518240
MADHYA PRADESH CODE : S12,Guna NO : 4,644070,557617,1201687,347536,212609,560145
MADHYA PRADESH CODE : S12,Sagar (SC) NO : 5,557699,486561,1044260,303381,177801,481182
MADHYA PRADESH CODE : S12,Khajuraho NO : 6,689790,596633,1286423,412266,260777,673043
MADHYA PRADESH CODE : S12,Damoh NO : 7,617228,557485,1174713,381469,232059,613528
MADHYA PRADESH CODE : S12,Satna NO : 8,581063,533676,1114739,379084,286097,665181
MADHYA PRADESH CODE : S12,Rewa NO : 9,664131,616899,1281030,357473,242589,600062
MADHYA PRADESH CODE : S12,Sidhi (ST) NO : 10,627731,569491,1197222,389798,275609,665407
MADHYA PRADESH CODE : S12,Shahdol (ST) NO : 11,585961,557107,1143068,372118,285038,657156
MADHYA PRADESH CODE : S12,Surguja (ST) NO : 12,529664,516951,1046615,374924,300300,675224
MADHYA PRADESH CODE : S12,Raigarh (ST) NO : 13,462730,460976,923706,341976,304404,646380
MADHYA PRADESH CODE : S12,Janjgir NO : 14,585394,563769,1149163,378130,289458,667588
MADHYA PRADESH CODE : S12,Bilaspur (SC) NO : 15,522698,508639,1031337,315427,241920,557347
MADHYA PRADESH CODE : S12,Sarangarh (SC) NO : 16,509123,512240,1021363,305756,255702,561458
MADHYA PRADESH CODE : S12,Raipur NO : 17,563326,541016,1104342,322132,248595,570727
MADHYA PRADESH CODE : S12,Mahasamund NO : 18,504761,513618,1018379,341815,283934,625749
MADHYA PRADESH CODE : S12,Kanker (ST) NO : 19,488287,489830,978117,327692,252078,579770
MADHYA PRADESH CODE : S12,Bastar (ST) NO : 20,456828,466580,923408,251122,171419,422541
MADHYA PRADESH CODE : S12,Durg NO : 21,642983,607082,1250065,367244,287352,654596
MADHYA PRADESH CODE : S12,Rajnandgaon NO : 22,479545,488524,968069,289855,232256,522111
MADHYA PRADESH CODE : S12,Balaghat NO : 23,427984,431913,859897,303706,264924,568630
MADHYA PRADESH CODE : S12,Mandla (ST) NO : 24,477809,477469,955278,317874,277238,595112
MADHYA PRADESH CODE : S12,Jabalpur NO : 25,638947,578308,1217255,315503,220536,536039
MADHYA PRADESH CODE : S12,Seoni NO : 26,535819,511843,1047662,350287,274712,624999
MADHYA PRADESH CODE : S12,Chhindwara NO : 27,513715,482319,996034,353924,284407,638331
MADHYA PRADESH CODE : S12,Betul NO : 28,484232,458548,942780,303050,222123,525173
MADHYA PRADESH CODE : S12,Hoshangabad NO : 29,567945,509703,1077648,349340,234756,584096
MADHYA PRADESH CODE : S12,Bhopal NO : 30,762074,693940,1456014,432549,300177,732726
MADHYA PRADESH CODE : S12,Vidisha NO : 31,579808,502347,1082155,363943,222709,586652
MADHYA PRADESH CODE : S12,Rajgarh NO : 32,547846,492370,1040216,374362,228032,602394
MADHYA PRADESH CODE : S12,Shajapur (SC) NO : 33,572237,541227,1113464,371092,256035,627127
MADHYA PRADESH CODE : S12,Khandwa NO : 34,537493,513040,1050533,333227,255784,589011
MADHYA PRADESH CODE : S12,Khargone NO : 35,535819,515104,1050923,339010,265954,604964
MADHYA PRADESH CODE : S12,Dhar (ST) NO : 36,566518,545082,1111600,340036,265549,605585
MADHYA PRADESH CODE : S12,Indore NO : 37,636679,602949,1239628,393578,280895,674473
MADHYA PRADESH CODE : S12,Ujjain (SC) NO : 38,525117,495799,1020916,340629,256351,596980
MADHYA PRADESH CODE : S12,Jhabua (ST) NO : 39,534196,525781,1059977,281507,221102,502609
MADHYA PRADESH CODE : S12,Mandsaur NO : 40,588948,568557,1157505,423002,289128,712130
MAHARASHTRA CODE : S13,Rajapur NO : 1,347124,449065,796189,215249,225495,440744
MAHARASHTRA CODE : S13,Ratnagiri NO : 2,359674,476888,836562,213253,269258,482511
MAHARASHTRA CODE : S13,Kolaba NO : 3,542323,543379,1085702,338411,301405,639816
MAHARASHTRA CODE : S13,Mumbai South NO : 4,419593,291157,710750,195148,119010,314158
MAHARASHTRA CODE : S13,Mumbai South Centra NO : 5,486386,315652,802038,231891,139277,371168
MAHARASHTRA CODE : S13,Mumbai North Central NO : 6,641837,476370,1118207,304154,208036,512190
MAHARASHTRA CODE : S13,Mumbai North East NO : 7,1094301,835783,1930084,549109,377231,926340
MAHARASHTRA CODE : S13,Mumbai North West NO : 8,837900,679913,1517813,412147,302815,714962
MAHARASHTRA CODE : S13,Mumbai North NO : 9,1186346,969946,2156292,519735,352067,871802
MAHARASHTRA CODE : S13,Thane NO : 10,1517696,1314818,2832514,554766,358612,913378
MAHARASHTRA CODE : S13,Dahanu (ST) NO : 11,760209,633680,1393889,320452,237704,558156
MAHARASHTRA CODE : S13,Nashik NO : 12,675853,629357,1305210,373438,260663,634101
MAHARASHTRA CODE : S13,Malegaon (ST) NO : 13,535970,520747,1056717,258726,182156,440882
MAHARASHTRA CODE : S13,Dhule (ST) NO : 14,549968,528001,1077969,251548,139015,390563
MAHARASHTRA CODE : S13,Nandurbar (ST) NO : 15,519150,522183,1041333,275908,247395,523303
MAHARASHTRA CODE : S13,Erandol NO : 16,525836,509486,1035322,301370,230524,531894
MAHARASHTRA CODE : S13,Jalgaon NO : 17,542162,514804,1056966,296367,224890,521257
MAHARASHTRA CODE : S13,Buldhana (SC) NO : 18,521319,501896,1023215,336692,270785,607477
MAHARASHTRA CODE : S13,Akola NO : 19,554561,520865,1075426,362029,285646,647675
MAHARASHTRA CODE : S13,Washim NO : 20,496464,474271,970735,328236,264255,592491
MAHARASHTRA CODE : S13,Amravati NO : 21,574112,525608,1099720,323860,227750,551610
MAHARASHTRA CODE : S13,Ramtek NO : 22,545410,487583,1032993,329558,229507,559065
MAHARASHTRA CODE : S13,Nagpur NO : 23,795212,719124,1514336,441835,343109,784944
MAHARASHTRA CODE : S13,Bhandara NO : 24,454931,452976,907907,325430,291311,616741
MAHARASHTRA CODE : S13,Chimur NO : 25,502080,487132,989212,388778,332409,721187
MAHARASHTRA CODE : S13,Chandrapur NO : 26,611060,569314,1180374,426170,344705,770875
MAHARASHTRA CODE : S13,Wardha NO : 27,545174,496179,1041353,326205,228780,554985
MAHARASHTRA CODE : S13,Yavatmal NO : 28,525527,480365,1005892,335993,253250,589243
MAHARASHTRA CODE : S13,Hingoli NO : 29,510458,505032,1015490,330320,260780,591100
MAHARASHTRA CODE : S13,Nanded NO : 30,588533,566402,1154935,363540,279062,642602
MAHARASHTRA CODE : S13,Parbhani NO : 31,508395,509173,1017568,284242,210454,494696
MAHARASHTRA CODE : S13,Jalna NO : 32,539205,533084,1072289,346454,280288,626742
MAHARASHTRA CODE : S13,Aurangabad NO : 33,693003,625960,1318963,391662,305919,697581
MAHARASHTRA CODE : S13,Beed NO : 34,581811,564607,1146418,365045,294295,659340
MAHARASHTRA CODE : S13,Latur NO : 35,538635,506382,1045017,374288,308985,683273
MAHARASHTRA CODE : S13,Osmanabad (SC) NO : 36,470180,445744,915924,278284,208800,487084
MAHARASHTRA CODE : S13,Sholapur NO : 37,501339,484682,986021,304329,249071,553400
MAHARASHTRA CODE : S13,Pandharpur (SC) NO : 38,542062,516223,1058285,299015,221813,520828
MAHARASHTRA CODE : S13,Ahmednagar NO : 39,566185,542798,1108983,334002,235864,569866
MAHARASHTRA CODE : S13,Kopargaon NO : 40,471065,453531,924596,298139,222654,520793
MAHARASHTRA CODE : S13,Khed NO : 41,523765,505293,1029058,324924,250418,575342
MAHARASHTRA CODE : S13,Pune NO : 42,688495,676504,1364999,433901,344201,778102
MAHARASHTRA CODE : S13,Baramati NO : 43,728451,670591,1399042,447158,315375,762533
MAHARASHTRA CODE : S13,Satara NO : 44,463003,486931,949934,285262,263513,548775
MAHARASHTRA CODE : S13,Karad NO : 45,498569,516753,1015322,320739,306417,627156
MAHARASHTRA CODE : S13,Sangli NO : 46,510879,493791,1004670,320915,275738,596653
MAHARASHTRA CODE : S13,Ichalkaranji NO : 47,554047,539800,1093847,382175,328516,710691
MAHARASHTRA CODE : S13,Kolhapur NO : 48,522964,515369,1038333,307974,240972,548946
MANIPUR CODE : S14,Inner Manipur NO : 1,309525,317128,626653,205540,209196,414736
MANIPUR CODE : S14,Outer Manipur (ST) NO : 2,331707,332630,664337,283896,270151,554047
MEGHALAYA CODE : S15,Shillong NO : 1,343100,339609,682709,192232,193368,385600
MEGHALAYA CODE : S15,Tura NO : 2,207048,202996,410044,150094,137678,287772
MIZORAM CODE : S16,Mizoram (ST) NO : 1,203746,204348,408094,148543,151050,299593
NAGALAND CODE : S17,Nagaland NO : 1,457901,416617,874518,416305,356097,772402
ORISSA CODE : S18,Mayurbhanj (ST) NO : 1,473144,461885,935029,314688,259424,574112
ORISSA CODE : S18,Balasore NO : 2,588554,548127,1136681,416180,368470,784650
ORISSA CODE : S18,Bhadrak (SC) NO : 3,588035,541840,1129875,385636,336935,722571
ORISSA CODE : S18,Jajpur (SC) NO : 4,564189,512358,1076547,358280,283972,642252
ORISSA CODE : S18,Kendrapara NO : 5,545898,500230,1046128,348196,307792,655988
ORISSA CODE : S18,Cuttack NO : 6,612927,514329,1127256,401071,307077,708148
ORISSA CODE : S18,Jagatsinghpur NO : 7,599397,544786,1144183,424341,376374,800715
ORISSA CODE : S18,Puri NO : 8,575650,525616,1101266,385653,303742,689395
ORISSA CODE : S18,Bhubaneswar NO : 9,653693,554974,1208667,380723,254575,635298
ORISSA CODE : S18,Aska NO : 10,594556,525588,1120144,326149,232993,559142
ORISSA CODE : S18,Berhampur NO : 11,539807,509271,1049078,312839,245199,558038
ORISSA CODE : S18,Koraput (ST) NO : 12,512691,503762,1016453,309240,234720,543960
ORISSA CODE : S18,Nowrangpur (ST) NO : 13,497549,494207,991756,321150,254065,575215
ORISSA CODE : S18,Kalahandi NO : 14,497967,467355,965322,337929,246543,584472
ORISSA CODE : S18,Phulbani (SC) NO : 15,540664,508157,1048821,339360,253578,592938
ORISSA CODE : S18,Bolangir NO : 16,506428,466294,972722,325379,261751,587130
ORISSA CODE : S18,Sambalpur NO : 17,620769,489106,1109875,383655,277821,661476
ORISSA CODE : S18,Deogarh NO : 18,579256,502252,1081508,345022,235154,580176
ORISSA CODE : S18,Dhenkanal NO : 19,556513,493724,1050237,340335,234489,574824
ORISSA CODE : S18,Sundargarh (ST) NO : 20,598726,500345,1099071,355628,263993,619621
ORISSA CODE : S18,Keonjhar (ST) NO : 21,518370,490129,1008499,350178,277398,627576
PUNJAB CODE : S19,Gurdaspur NO : 1,543141,506980,1050121,352717,334670,687387
PUNJAB CODE : S19,Amritsar NO : 2,604647,530210,1134857,363521,304259,667780
PUNJAB CODE : S19,Tarn Taran NO : 3,533620,467723,1001343,342161,298610,640771
PUNJAB CODE : S19,Jullundur NO : 4,548992,522430,1071422,333431,293583,627014
PUNJAB CODE : S19,Phillaur (SC) NO : 5,547556,506864,1054420,321677,306871,628548
PUNJAB CODE : S19,Hoshiarpur NO : 6,535790,500321,1036111,305041,288384,593425
PUNJAB CODE : S19,Ropar (SC) NO : 7,619007,553766,1172773,375471,313882,689353
PUNJAB CODE : S19,Patiala NO : 8,631839,552026,1183865,383070,313936,697006
PUNJAB CODE : S19,Ludhiana NO : 9,682344,655247,1337591,456382,347521,803903
PUNJAB CODE : S19,Sangrur NO : 10,567748,491034,1058782,401019,356808,757827
PUNJAB CODE : S19,Bhatinda (SC) NO : 11,605544,526068,1131612,366812,326149,692961
PUNJAB CODE : S19,Faridkot NO : 12,604713,504995,1109708,439492,359585,799077
PUNJAB CODE : S19,Ferozepur NO : 13,609540,537680,1147220,389163,345087,734250
RAJASTHAN CODE : S20,Ganganagar (SC) NO : 1,644091,535944,1180035,303181,213441,516622
RAJASTHAN CODE : S20,Bikaner NO : 2,906965,767871,1674836,467318,309894,777212
RAJASTHAN CODE : S20,Churu NO : 3,607639,552955,1160594,324033,271468,595501
RAJASTHAN CODE : S20,Jhunjhunu NO : 4,688057,596271,1284328,386355,269598,655953
RAJASTHAN CODE : S20,Sikar NO : 5,685597,618109,1303706,335055,277809,612864
RAJASTHAN CODE : S20,Jaipur NO : 6,889960,766421,1656381,386588,252961,639549
RAJASTHAN CODE : S20,Dausa NO : 7,659116,584696,1243812,395255,269640,664895
RAJASTHAN CODE : S20,Alwar NO : 8,608172,524402,1132574,276512,161967,438479
RAJASTHAN CODE : S20,Bharatpur NO : 9,581978,488717,1070695,327518,185401,512919
RAJASTHAN CODE : S20,Bayana (SC) NO : 10,594156,478594,1072750,277400,109919,387319
RAJASTHAN CODE : S20,Sawai Madhopur (ST NO : 11,650866,556870,1207736,290718,108176,398894
RAJASTHAN CODE : S20,Ajmer NO : 12,546054,512032,1058086,256515,192690,449205
RAJASTHAN CODE : S20,Tonk (SC) NO : 13,571887,536093,1107980,262435,173323,435758
RAJASTHAN CODE : S20,Kota NO : 14,609846,556620,1166466,321425,205385,526810
RAJASTHAN CODE : S20,Jhalawar NO : 15,545055,508979,1054034,300301,180242,480543
RAJASTHAN CODE : S20,Banswara (ST) NO : 16,580702,568198,1148900,279883,241344,521227
RAJASTHAN CODE : S20,Salumber (ST) NO : 17,554025,532252,1086277,256330,191625,447955
RAJASTHAN CODE : S20,Udaipur NO : 18,611405,585469,1196874,292213,207636,499849
RAJASTHAN CODE : S20,Chittorgarh NO : 19,638517,597840,1236357,293417,175810,469227
RAJASTHAN CODE : S20,Bhilwara NO : 20,578095,547715,1125810,281863,200095,481958
RAJASTHAN CODE : S20,Pali NO : 21,552540,518115,1070655,228428,145425,373853
RAJASTHAN CODE : S20,Jalore (SC) NO : 22,662798,595470,1258268,294159,180529,474688
RAJASTHAN CODE : S20,Barmer NO : 23,719486,610399,1329885,392631,263145,655776
RAJASTHAN CODE : S20,Jodhpur NO : 24,741257,650151,1391408,361021,241964,602985
RAJASTHAN CODE : S20,Nagaur NO : 25,608165,561745,1169910,329099,239182,568281
SIKKIM CODE : S21,Sikkim NO : 1,119757,109403,229160,96634,80806,177440
TAMIL NADU CODE : S22,Madras North NO : 1,810751,742361,1553112,480432,387032,867464
TAMIL NADU CODE : S22,Madras Central NO : 2,536125,500524,1036649,327228,270780,598008
TAMIL NADU CODE : S22,Madras South NO : 3,816716,756048,1572764,494090,391139,885229
TAMIL NADU CODE : S22,Sriperumbudur (SC) NO : 4,578084,578407,1156491,411981,367104,779085
TAMIL NADU CODE : S22,Chengalpattu NO : 5,523679,520210,1043889,385157,353832,738989
TAMIL NADU CODE : S22,Arakkonam NO : 6,514119,520527,1034646,392223,365260,757483
TAMIL NADU CODE : S22,Vellore NO : 7,521349,528819,1050168,366481,345212,711693
TAMIL NADU CODE : S22,Tiruppattur NO : 8,530084,531733,1061817,352849,379641,732490
TAMIL NADU CODE : S22,Vandavasi NO : 9,512591,518880,1031471,365165,352679,717844
TAMIL NADU CODE : S22,Tindivanam NO : 10,519146,514980,1034126,365758,358345,724103
TAMIL NADU CODE : S22,Cuddalore NO : 11,523507,518979,1042486,369173,360244,729417
TAMIL NADU CODE : S22,Chidambaram (SC) NO : 12,520356,506248,1026604,371703,353997,725700
TAMIL NADU CODE : S22,Dharmapuri NO : 13,567991,554436,1122427,389814,349101,738915
TAMIL NADU CODE : S22,Krishnagiri NO : 14,548580,529384,1077964,376251,338785,715036
TAMIL NADU CODE : S22,Rasipuram (SC) NO : 15,522514,525180,1047694,358923,335600,694523
TAMIL NADU CODE : S22,Salem NO : 16,546113,534649,1080762,376867,329539,706406
TAMIL NADU CODE : S22,Tiruchengode NO : 17,664289,657927,1322216,463284,394168,857452
TAMIL NADU CODE : S22,Nilgiris NO : 18,607986,591084,1199070,424910,371527,796437
TAMIL NADU CODE : S22,Gobichettipalayam NO : 19,492128,479755,971883,372430,318958,691388
TAMIL NADU CODE : S22,Coimbatore NO : 20,682748,634372,1317120,464812,383405,848217
TAMIL NADU CODE : S22,Pollachi (SC) NO : 21,489167,479572,968739,370402,326055,696457
TAMIL NADU CODE : S22,Palani NO : 22,536496,531467,1067963,383952,351807,735759
TAMIL NADU CODE : S22,Dindigul NO : 23,536745,538340,1075085,368983,356483,725466
TAMIL NADU CODE : S22,Madurai NO : 24,610240,589957,1200197,395137,352246,747383
TAMIL NADU CODE : S22,Periyakulam NO : 25,511744,510416,1022160,353330,333214,686544
TAMIL NADU CODE : S22,Karur NO : 26,532075,540849,1072924,388829,375095,763924
TAMIL NADU CODE : S22,Tiruchirappalli NO : 27,535972,534081,1070053,375016,345216,720232
TAMIL NADU CODE : S22,Perambalur (SC) NO : 28,492151,489817,981968,360057,361671,721728
TAMIL NADU CODE : S22,Mayiladuturai NO : 29,485272,465654,950926,361758,328336,690094
TAMIL NADU CODE : S22,Nagapattinam (SC) NO : 30,496927,485113,982040,376782,351101,727883
TAMIL NADU CODE : S22,Thanjavur NO : 31,484940,483060,968000,362126,338704,700830
TAMIL NADU CODE : S22,Pudukkottai NO : 32,560837,563710,1124547,413825,414586,828411
TAMIL NADU CODE : S22,Sivaganga NO : 33,526623,530758,1057381,314058,360629,674687
TAMIL NADU CODE : S22,Ramanathapuram NO : 34,518684,525913,1044597,327997,336917,664914
TAMIL NADU CODE : S22,Sivakasi NO : 35,578316,589183,1167499,409175,399285,808460
TAMIL NADU CODE : S22,Tirunelveli NO : 36,508072,515754,1023826,347655,322163,669818
TAMIL NADU CODE : S22,Tenkasi (SC) NO : 37,478369,494715,973084,340197,340420,680617
TAMIL NADU CODE : S22,Tiruchendur NO : 38,481367,498289,979656,297207,299293,596500
TAMIL NADU CODE : S22,Nagercoil NO : 39,494834,479184,974018,306557,276742,583299
TRIPURA CODE : S23,Tripura West NO : 1,441105,418543,859648,358199,333017,691216
TRIPURA CODE : S23,Tripura East (ST) NO : 2,403100,385160,788260,322263,289869,612132
UTTAR PRADESH CODE : S24,Tehri Garhwal NO : 1,592151,538840,1130991,153901,117691,271592
UTTAR PRADESH CODE : S24,Garhwal NO : 2,476961,494652,971613,218504,205406,423910
UTTAR PRADESH CODE : S24,Almora NO : 3,442442,491289,933731,216081,189009,405090
UTTAR PRADESH CODE : S24,Nainital NO : 4,722752,615202,1337954,435673,356275,791948
UTTAR PRADESH CODE : S24,Bijnor (SC) NO : 5,664178,549650,1213828,357742,254990,612732
UTTAR PRADESH CODE : S24,Amroha NO : 6,643785,539223,1183008,413127,261291,674418
UTTAR PRADESH CODE : S24,Moradabad NO : 7,619368,503089,1122457,396460,247621,644081
UTTAR PRADESH CODE : S24,Rampur NO : 8,699472,586851,1286323,457906,288906,746812
UTTAR PRADESH CODE : S24,Sambhal NO : 9,586513,479233,1065746,329430,206274,535704
UTTAR PRADESH CODE : S24,Budaun NO : 10,617087,480463,1097550,289145,246269,535414
UTTAR PRADESH CODE : S24,Aonla NO : 11,559121,450818,1009939,311995,175478,487473
UTTAR PRADESH CODE : S24,Bareilly NO : 12,594562,486451,1081013,344583,202359,546942
UTTAR PRADESH CODE : S24,Pilibhit NO : 13,608770,498076,1106846,369587,304209,673796
UTTAR PRADESH CODE : S24,Shahjahanpur NO : 14,574371,531244,1105615,332467,239031,571498
UTTAR PRADESH CODE : S24,Kheri NO : 15,666491,545312,1211803,334890,151945,486835
UTTAR PRADESH CODE : S24,Shahabad NO : 16,614761,500473,1115234,344132,157787,501919
UTTAR PRADESH CODE : S24,Sitapur NO : 17,602044,492584,1094628,328445,167509,495954
UTTAR PRADESH CODE : S24,Misrikh (SC) NO : 18,593356,487890,1081246,318214,147832,466046
UTTAR PRADESH CODE : S24,Hardoi (SC) NO : 19,603470,479822,1083292,286755,121452,408207
UTTAR PRADESH CODE : S24,Lucknow NO : 20,800789,687380,1488169,448686,321200,769886
UTTAR PRADESH CODE : S24,Mohanlalganj (SC) NO : 21,603706,511240,1114946,299143,174775,473918
UTTAR PRADESH CODE : S24,Unnao NO : 22,648338,529381,1177719,301196,188347,489543
UTTAR PRADESH CODE : S24,Rae Bareli NO : 23,613396,550027,1163423,297853,201985,499838
UTTAR PRADESH CODE : S24,Pratapgarh NO : 24,653835,513670,1167505,256912,218839,475751
UTTAR PRADESH CODE : S24,Amethi NO : 25,575365,527562,1102927,362883,64030,426913
UTTAR PRADESH CODE : S24,Sultanpur NO : 26,651416,567825,1219241,488313,86217,574530
UTTAR PRADESH CODE : S24,Akbarpur (SC) NO : 27,706423,584719,1291142,348916,285476,634392
UTTAR PRADESH CODE : S24,Faizabad NO : 28,648560,539998,1188558,315497,258119,573616
UTTAR PRADESH CODE : S24,Bara Banki (SC) NO : 29,598426,498761,1097187,320301,186898,507199
UTTAR PRADESH CODE : S24,Kaiserganj NO : 30,600919,494221,1095140,286629,234512,521141
UTTAR PRADESH CODE : S24,Bahraich NO : 31,660150,540115,1200265,264810,216662,481472
UTTAR PRADESH CODE : S24,Balrampur NO : 32,621444,514779,1136223,356198,184753,540951
UTTAR PRADESH CODE : S24,Gonda NO : 33,632910,524128,1157038,342637,180555,523192
UTTAR PRADESH CODE : S24,Basti (SC) NO : 34,644964,511431,1156395,328276,216183,544459
UTTAR PRADESH CODE : S24,Domariaganj NO : 35,619251,502633,1121884,319954,261774,581728
UTTAR PRADESH CODE : S24,Khalilabad NO : 36,660757,512688,1173445,348682,247337,596019
UTTAR PRADESH CODE : S24,Bansgaon (SC) NO : 37,702950,552433,1255383,312447,225387,537834
UTTAR PRADESH CODE : S24,Gorakhpur NO : 38,685295,539676,1224971,342386,226883,569269
UTTAR PRADESH CODE : S24,Maharajganj NO : 39,596239,494413,1090652,326520,290234,616754
UTTAR PRADESH CODE : S24,Padrauna NO : 40,649881,532027,1181908,362673,245579,608252
UTTAR PRADESH CODE : S24,Deoria NO : 41,681078,555194,1236272,350941,233153,584094
UTTAR PRADESH CODE : S24,Salempur NO : 42,701226,551675,1252901,314435,202744,517179
UTTAR PRADESH CODE : S24,Ballia NO : 43,731097,545028,1276125,363276,178681,541957
UTTAR PRADESH CODE : S24,Ghosi NO : 44,655762,546189,1201951,333818,273125,606943
UTTAR PRADESH CODE : S24,Azamgarh NO : 45,661789,544001,1205790,355442,236960,592402
UTTAR PRADESH CODE : S24,Lalganj (SC) NO : 46,709386,592766,1302152,341062,277628,618690
UTTAR PRADESH CODE : S24,Machhlishahr NO : 47,676086,564533,1240619,317939,274116,592055
UTTAR PRADESH CODE : S24,Jaunpur NO : 48,672581,588352,1260933,312729,272897,585626
UTTAR PRADESH CODE : S24,Saidpur (SC) NO : 49,672454,605212,1277666,322879,278182,601061
UTTAR PRADESH CODE : S24,Ghazipur NO : 50,677705,593833,1271538,378297,258527,636824
UTTAR PRADESH CODE : S24,Chandauli NO : 51,712322,566371,1278693,360157,240120,600277
UTTAR PRADESH CODE : S24,Varanasi NO : 52,785925,634651,1420576,345887,230586,576473
UTTAR PRADESH CODE : S24,Robertsganj (SC) NO : 53,756550,642888,1399438,397221,240122,637343
UTTAR PRADESH CODE : S24,Mirzapur NO : 54,709391,606486,1315877,441043,275915,716958
UTTAR PRADESH CODE : S24,Phulpur NO : 55,647675,529886,1177561,310228,253822,564050
UTTAR PRADESH CODE : S24,Allahabad NO : 56,765374,626211,1391585,284006,232270,516276
UTTAR PRADESH CODE : S24,Chail (SC) NO : 57,714076,586757,1300833,209433,171352,380785
UTTAR PRADESH CODE : S24,Fatehpur NO : 58,630074,511774,1141848,289836,124177,414013
UTTAR PRADESH CODE : S24,Banda NO : 59,611766,500515,1112281,230271,137682,367953
UTTAR PRADESH CODE : S24,Hamirpur NO : 60,559030,457258,1016288,279506,166133,445639
UTTAR PRADESH CODE : S24,Jhansi NO : 61,684782,593544,1278326,412077,275139,687216
UTTAR PRADESH CODE : S24,Jalaun (SC) NO : 62,621661,512519,1134180,298764,169890,468654
UTTAR PRADESH CODE : S24,Ghatampur (SC) NO : 63,605624,481488,1087112,251455,197557,449012
UTTAR PRADESH CODE : S24,Bilhaur NO : 64,718473,519104,1237577,326084,236111,562195
UTTAR PRADESH CODE : S24,Kanpur NO : 65,836782,557860,1394642,396763,182436,579199
UTTAR PRADESH CODE : S24,Etawah NO : 66,629330,494347,1123677,326760,192173,518933
UTTAR PRADESH CODE : S24,Kannauj NO : 67,632531,508134,1140665,324544,265463,590007
UTTAR PRADESH CODE : S24,Farrukhabad NO : 68,672754,540972,1213726,324050,265951,590001
UTTAR PRADESH CODE : S24,Mainpuri NO : 69,616267,479358,1095625,423061,228705,651766
UTTAR PRADESH CODE : S24,Jalesar NO : 70,616336,481394,1097730,321840,214555,536395
UTTAR PRADESH CODE : S24,Etah NO : 71,561254,459123,1020377,287147,191404,478551
UTTAR PRADESH CODE : S24,Firozabad (SC) NO : 72,588343,542943,1131286,260314,203154,463468
UTTAR PRADESH CODE : S24,Agra NO : 73,620811,572993,1193804,306213,210815,517028
UTTAR PRADESH CODE : S24,Mathura NO : 74,638681,522370,1161051,323146,181974,505120
UTTAR PRADESH CODE : S24,Hathras (SC) NO : 75,618491,494131,1112622,241232,192871,434103
UTTAR PRADESH CODE : S24,Aligarh NO : 76,694737,557398,1252135,281251,227994,509245
UTTAR PRADESH CODE : S24,Khurja (SC) NO : 77,687040,563519,1250559,265430,176952,442382
UTTAR PRADESH CODE : S24,Bulandshahr NO : 78,605242,508558,1113800,288898,192621,481519
UTTAR PRADESH CODE : S24,Hapur NO : 79,841878,651829,1493707,443086,252396,695482
UTTAR PRADESH CODE : S24,Meerut NO : 80,585289,662217,1247506,374790,271393,646183
UTTAR PRADESH CODE : S24,Baghpat NO : 81,709971,561181,1271152,386831,280097,666928
UTTAR PRADESH CODE : S24,Muzaffarnagar NO : 82,664685,528766,1193451,347414,231567,578981
UTTAR PRADESH CODE : S24,Kairana NO : 83,645222,443291,1088513,343843,229026,572869
UTTAR PRADESH CODE : S24,Saharanpur NO : 84,685465,531661,1217126,416294,303923,720217
UTTAR PRADESH CODE : S24,Hardwar (SC) NO : 85,656765,501326,1158091,395179,221375,616554
WEST BENGAL CODE : S25,Cooch Behar (SC) NO : 1,545938,518853,1064791,492480,461133,953613
WEST BENGAL CODE : S25,Alipurduars (ST) NO : 2,517469,483388,1000857,447243,407213,854456
WEST BENGAL CODE : S25,Jalpaiguri NO : 3,559743,505741,1065484,482808,436435,919243
WEST BENGAL CODE : S25,Darjeeling NO : 4,635495,577455,1212950,448719,394578,843297
WEST BENGAL CODE : S25,Raiganj NO : 5,570012,541122,1111134,462702,439014,901716
WEST BENGAL CODE : S25,Balurghat (SC) NO : 6,547645,520126,1067771,496606,429821,926427
WEST BENGAL CODE : S25,Malda NO : 7,514725,498281,1013006,454739,421514,876253
WEST BENGAL CODE : S25,Jangipur NO : 8,523092,524133,1047225,488792,398797,887589
WEST BENGAL CODE : S25,Murshidabad NO : 9,581430,556063,1137493,548836,447713,996549
WEST BENGAL CODE : S25,Berhampore NO : 10,593515,573015,1166530,521408,423758,945166
WEST BENGAL CODE : S25,Krishnagar NO : 11,553215,516770,1069985,491166,420450,911616
WEST BENGAL CODE : S25,Nabadwip (SC) NO : 12,674407,631881,1306288,593106,541898,1135004
WEST BENGAL CODE : S25,Barasat NO : 13,670085,571741,1241826,590962,481047,1072009
WEST BENGAL CODE : S25,Basirhat NO : 14,522608,500415,1023023,484841,427733,912574
WEST BENGAL CODE : S25,Joynagar (SC) NO : 15,582409,481155,1063564,478387,416205,894592
WEST BENGAL CODE : S25,Mathurapur (SC) NO : 16,518006,496994,1015000,450697,424707,875404
WEST BENGAL CODE : S25,Diamond Harbour NO : 17,601305,504189,1105494,482033,407702,889735
WEST BENGAL CODE : S25,Jadavpur NO : 18,727582,585529,1313111,606334,468981,1075315
WEST BENGAL CODE : S25,Barrackpore NO : 19,566355,445870,1012225,473777,351521,825298
WEST BENGAL CODE : S25,Dum Dum NO : 20,827377,717129,1544506,677717,574712,1252429
WEST BENGAL CODE : S25,Calcutta North West NO : 21,437739,256256,693995,280331,172426,452757
WEST BENGAL CODE : S25,Calcutta North East NO : 22,534880,372404,907284,399263,261150,660413
WEST BENGAL CODE : S25,Calcutta South NO : 23,671260,496121,1167381,568891,283567,852458
WEST BENGAL CODE : S25,Howrah NO : 24,735904,575190,1311094,553066,432441,985507
WEST BENGAL CODE : S25,Uluberia NO : 25,588888,454452,1043340,487588,376318,863906
WEST BENGAL CODE : S25,Serampore NO : 26,637337,612343,1249680,507067,483706,990773
WEST BENGAL CODE : S25,Hooghly NO : 27,558896,536979,1095875,480536,454405,934941
WEST BENGAL CODE : S25,Arambagh NO : 28,544384,523036,1067420,477288,454365,931653
WEST BENGAL CODE : S25,Panskura NO : 29,476050,464702,940752,437270,408259,845529
WEST BENGAL CODE : S25,Tamluk NO : 30,544139,501446,1045585,484579,454310,938889
WEST BENGAL CODE : S25,Contai NO : 31,474983,456249,931232,428933,400141,829074
WEST BENGAL CODE : S25,Midnapore NO : 32,539690,512124,1051814,447732,441456,889188
WEST BENGAL CODE : S25,Jhargram (ST) NO : 33,479096,464862,943958,420124,407838,827962
WEST BENGAL CODE : S25,Purulia NO : 34,488178,479022,967200,404554,361279,765833
WEST BENGAL CODE : S25,Bankura NO : 35,509268,484876,994144,402443,372473,774916
WEST BENGAL CODE : S25,Vishnupur (SC) NO : 36,512282,499548,1011830,433050,418207,851257
WEST BENGAL CODE : S25,Durgapur (SC) NO : 37,602766,536727,1139493,494146,423824,917970
WEST BENGAL CODE : S25,Asansol NO : 38,670312,537569,1207881,502478,339258,841736
WEST BENGAL CODE : S25,Burdwan NO : 39,591601,552590,1144191,516615,466900,983515
WEST BENGAL CODE : S25,Katwa NO : 40,569874,544859,1114733,492771,468145,960916
WEST BENGAL CODE : S25,Bolpur NO : 41,494307,482919,977226,409172,393126,802298
WEST BENGAL CODE : S25,Birbhum (SC) NO : 42,504296,490387,994683,421957,405409,827366
ANDAMAN & NICOB CODE : U01,Andaman & Nicobar I NO : 1,120578,90648,211226,75536,55382,130918
CHANDIGARH CODE : U02,Chandigarh NO : 1,255580,195019,450599,148822,114367,263189
DADRA & NAGAR H CODE : U03,Dadra & Nagar Haveli NO : 1,49806,45103,94909,37400,35632,73032
DAMAN & DIU CODE : U04,Daman And Diu NO : 1,36527,33675,70202,24181,25425,49606
NATIONAL CAPITAL CODE : U05,New Delhi NO : 1,294451,210994,505445,152458,108701,261159
NATIONAL CAPITAL CODE : U05,South Delhi NO : 2,616373,487586,1103959,310035,225516,535551
NATIONAL CAPITAL CODE : U05,Outer Delhi NO : 3,1624159,1197407,2821566,795575,562224,1357799
NATIONAL CAPITAL CODE : U05,East Delhi NO : 4,1262983,958210,2221193,650538,472093,1122631
NATIONAL CAPITAL CODE : U05,Chandni Chowk NO : 5,198110,164445,362555,122898,85633,208531
NATIONAL CAPITAL CODE : U05,Delhi Sadar NO : 6,283077,217556,500633,172459,129124,301583
NATIONAL CAPITAL CODE : U05,Karol Bagh (SC) NO : 7,318791,224799,543590,172356,119686,292042
LAKSHADWEEP CODE : U06,Lakshadweep (ST) NO : 1,17690,16421,34111,15373,15000,30373
PONDICHERRY CODE : U07,Pondicherry NO : 1,320502,313133,633635,239146,238291,477437
