pc91_state_id,pc91_district_id,Urban_Pct
2,1,10.680125117173327
2,2,14.794781466557087
2,3,34.26407114915781
2,4,20.33756210869294
2,5,18.0537019173593
2,6,30.712038094177274
2,7,24.813787390744434
2,8,14.19798591313462
2,9,20.384364575756816
2,10,17.166330407634305
2,11,20.44926092560574
2,12,19.880338487110112
2,13,21.48142766422336
2,14,9.243821192375815
2,15,100.0
2,17,11.919992950920786
2,18,16.74474080728596
2,19,18.89805866346446
2,20,16.98427581230004
2,21,16.37571873740613
2,22,17.103008427170394
2,23,9.999992987603486
3,2,11.274107013388758
3,4,30.599658330839986
3,6,30.88252083571184
3,7,12.149373262547295
3,8,26.647286821705425
3,9,17.34909667657193
3,11,7.096412031622772
4,1,11.03096111328293
4,2,5.4496358624583
4,3,7.907019366631044
4,4,6.39335501823957
4,5,5.975207464462757
4,6,1.95417113509578
4,7,28.476039100611928
4,8,4.172120166915603
4,9,6.347597078397822
4,10,5.488232468460461
4,11,1.5631852640811978
4,12,4.228038306533559
4,13,9.29937126651528
4,14,5.130806090115156
4,15,13.312810058700238
4,16,6.22742936817099
4,17,15.28676962215228
4,18,14.231659660164675
4,19,8.662140894461185
4,20,19.234620460076524
4,21,6.439775446368657
4,22,6.5380538383424485
4,23,8.540174512603002
5,1,31.613910852628553
5,2,11.932562393799785
5,3,9.170139217975544
5,4,8.157659311507453
5,5,6.1362166458439935
5,6,5.183079411013703
5,7,10.93409156324126
5,8,5.613983734575574
5,9,7.376932584007649
5,10,4.296510639709144
5,11,4.532274058123228
5,12,8.18176208591975
5,13,4.6320136204959415
5,14,4.55200617187157
5,15,7.7910479795714345
5,16,5.384179882715575
5,17,7.950581147063572
5,18,4.063816168917186
5,19,7.201153025596993
5,20,2.951634590667311
5,21,5.675175153741798
5,22,5.291643245427976
5,23,6.874822035409299
5,24,7.72299466412473
5,25,4.835969842802111
5,26,13.537625648401141
5,27,9.923805711277323
5,28,2.2694389803781316
5,29,5.975691113898521
5,30,5.016818111009561
5,31,11.132842431731206
5,32,42.746362048730845
5,33,12.610762621996155
5,34,14.771672251247036
5,35,4.385867931140413
5,36,9.212976745152067
5,37,3.7736486720694367
5,38,27.655904479035687
5,39,45.224067130869486
5,40,13.276956075516441
5,41,5.121807750872094
5,42,8.1511461660165
6,1,29.473649376357542
6,2,44.07224711825406
7,1,34.10919198392385
7,2,39.89957527916307
7,3,25.30681494815001
7,4,29.30302710353199
7,5,17.983073458253266
7,6,27.548093645596673
7,7,25.566274087985253
7,8,8.347074648868157
7,9,8.904448732202743
7,10,18.653759092657456
7,11,34.61461348877239
7,12,63.439155885319956
7,13,19.483785768652766
7,14,8.873597307046003
7,15,36.98110764789083
7,16,18.013122960653753
7,17,42.168368698313664
7,18,20.979614219624672
7,19,9.310088763350938
8,1,30.090036691563448
8,2,28.278459142453887
8,3,20.176090400549583
8,4,12.12448715814623
8,5,22.83694796889129
8,6,22.26763975088212
8,7,19.57142062299799
8,8,17.788340854779868
8,9,39.66545720397498
8,10,16.772417523929185
8,11,12.704937101015402
8,12,10.170721942191243
8,13,14.17587508488942
8,14,14.129834368873976
8,15,17.460265830511634
8,16,17.484306104017993
9,1,6.452810422949202
9,2,4.319241068690847
9,3,5.308241929579565
9,4,7.245901726020372
9,5,4.91829362835873
9,6,6.327636751454199
9,7,6.03672891757486
9,9,17.90950495947548
9,10,10.611403517950757
9,11,8.59189612715469
11,1,74.07962370344286
11,2,15.267267274446358
11,3,19.92972999821967
11,4,24.863657430431957
11,5,15.827067729045593
11,6,19.53329758639886
11,7,14.502847290282055
11,8,22.786103557854986
11,9,24.735512184403607
11,10,29.31964089462341
11,11,19.154788087069434
11,12,14.88758246882812
11,13,13.693584874758166
11,14,19.79070670656041
11,15,13.917515115174528
11,16,25.53612649280352
11,17,16.95056944344031
11,18,22.723957054202756
11,19,14.19617064479042
11,20,20.654860439578453
12,1,14.103394468356745
12,2,44.41644124709612
12,3,2.9254844315368502
12,4,33.32395653184557
12,5,7.550616374869604
12,6,13.627328957890384
12,7,23.180120928897008
12,8,43.215761831809616
12,9,4.126649017778132
12,10,15.544358577038086
12,11,26.971138062488976
12,12,11.546268214606691
12,13,16.239388660580854
12,14,29.661751480494797
13,1,16.402096606168456
13,2,16.513945857260047
13,3,48.483941073615505
13,4,18.149612557624327
13,5,12.26582710858208
13,6,15.723676026488247
13,7,13.495438597237117
13,8,15.590600271484773
13,9,10.567559906678586
13,10,23.802720824209704
13,11,14.768100208768267
13,12,15.990962095942088
13,13,12.380682282231298
13,14,17.015209289064835
13,15,5.061328028867787
13,16,19.199489714559082
13,17,26.545651350772932
13,18,33.14435978673777
13,19,14.50984003877848
13,20,21.047739084761467
13,21,7.1667234309827
13,22,10.856420742248861
13,23,58.1883148184965
13,24,12.541165520307995
13,25,22.63942187471624
13,26,13.631017471011827
13,27,16.45774679818794
13,28,66.81050907931237
13,29,14.570135423921805
13,30,12.704501398236772
13,31,15.05610236470388
13,32,22.740648558132783
13,33,38.160245316725295
13,34,12.48612341756037
13,35,6.428357352452599
13,36,19.157982583130178
13,37,7.9175205404309015
13,38,7.99834537693924
13,39,9.72467505029698
13,40,82.58832542652563
13,41,7.845886670719408
13,42,13.14926688477594
13,43,29.33211076226861
13,44,16.358626647308295
13,45,5.956552022309554
14,2,54.25133631770318
14,3,15.295295525685878
14,4,7.743496515996496
14,5,6.710673050115844
14,6,29.23986174205837
14,7,17.057240265566122
14,8,22.986327790455242
14,9,13.248847072356865
14,10,43.12437777133508
14,11,11.106882186791724
14,12,19.266771306293585
14,13,24.082304954694393
14,14,22.488710976918732
14,15,26.389264691733004
14,16,13.476592703886253
14,17,18.016140498385713
14,18,14.365842842653858
14,19,17.57108515628822
14,20,12.387969540721148
14,21,16.345657776470933
14,22,16.92934153069052
14,23,23.74370616785389
14,24,27.629329603732995
14,25,14.474489972770305
14,26,22.881285268190492
14,27,52.34831870511104
14,28,11.202635758001051
14,29,23.525869726421195
14,30,7.321507985921399
15,4,11.202016503787986
15,5,29.443662019744316
15,6,30.617404147743304
15,7,34.873274367637194
16,1,7.369156313925061
16,2,29.28603856179478
16,3,4.844724446644895
16,4,4.875839566074115
16,5,8.789627161008124
17,1,44.82543132726532
17,2,33.23250908764529
17,3,10.747326685089511
18,1,25.073726524262025
18,2,6.560554446141195
18,3,9.394292128292003
18,4,14.09601510676415
18,5,13.386667003422279
18,6,7.151812319133041
18,7,5.784273776043928
19,1,14.461129818405357
19,2,28.37088488449172
19,3,10.427494102290826
19,4,5.2885523564932235
19,5,7.830363543413007
19,6,10.555675342676729
19,7,8.295855818096086
19,8,5.029242477814552
19,9,8.168637008049304
19,10,5.614514542192614
19,11,9.422657353646716
19,12,12.746415315640089
19,13,16.97878049582594
20,1,18.603292932558865
20,2,28.706159964225254
20,3,19.748142978958427
20,4,84.15891456338646
20,5,30.594976186446825
20,6,21.839581719237852
20,7,12.976932402675413
20,8,21.47011313855459
20,9,25.235122943168648
20,10,20.31734615114729
20,11,18.738970090957284
20,12,21.17280498429697
21,1,17.99678864206863
21,2,32.86614264246908
21,3,22.92862090796398
21,4,16.524616394752094
21,5,11.504933422741642
21,6,15.73985943191506
21,7,13.605984957550513
21,8,11.882874999426647
21,9,32.544550604112054
21,10,16.49040595491705
21,11,34.01415784456026
21,12,15.696606311156907
21,13,12.802271005494651
21,14,29.244995200797963
21,15,12.70443535791049
21,16,17.515298378936944
21,17,8.143827226728687
21,18,5.826287040627082
21,19,16.085678158002167
21,20,15.959671790339508
21,21,14.346722615608412
21,22,12.937359771996848
21,23,6.051576298183407
21,24,6.399013499480789
21,25,14.13726488092147
21,26,29.631826022057805
21,27,12.904466279542431
22,1,2.179068127924117
22,2,15.491000381054851
22,3,2.2170097630731562
22,4,1.5026334287548009
23,2,38.92122921025408
23,3,27.232529923024867
23,4,8.120149148622302
23,5,10.338062454345339
23,6,13.713993817276982
23,7,25.56302231146741
23,8,21.892001036089443
23,9,43.81651164296959
23,10,46.65853754474295
23,11,18.896942293819265
23,12,23.432076799361525
23,13,20.14780235142913
23,14,12.550371171866287
23,15,23.62913772155186
23,16,39.15258591991054
23,17,32.625362850846344
23,18,18.65153316317611
23,19,35.879512610583
23,20,27.726601946093904
23,21,14.892126654873405
24,1,21.101648476922946
24,2,7.546929000616638
24,3,5.144422947883459
25,1,6.074865774751887
25,2,7.827914451724564
25,3,4.8747485577080525
25,4,43.00920286978968
25,5,10.19742577303728
25,6,6.3178138509790625
25,7,5.5683783619027585
25,8,26.588489352501732
25,9,19.79176385127689
25,10,22.02975710364256
25,11,21.221576403280384
25,12,20.727847073380197
25,13,25.908057711598527
25,14,19.707353591484807
25,15,29.8986169020555
25,16,37.28786918906645
25,17,16.645595448757287
25,18,20.228902949105912
25,19,18.989211810773277
25,20,32.74740541784305
25,21,21.2907046979428
25,22,13.36085822793606
25,23,10.665610527770731
25,24,14.029048332430222
25,25,26.567831409968758
25,26,14.779873478590572
25,27,16.841543829988503
25,28,8.863415075254299
25,29,10.41154674259018
25,30,9.505031156696452
25,31,11.076092177911532
25,32,53.066724675429036
25,33,7.2853569598891
25,34,15.00344638630581
25,35,12.85978194106808
25,36,4.614990227750941
25,37,72.163960360341
25,38,17.931123844389386
25,39,32.31710473120897
25,40,11.303608969167986
25,41,14.044886739843612
25,42,10.464149024320955
25,43,8.064590012536586
25,44,4.46048762835301
25,45,17.562142460761994
25,46,6.30142532411919
25,47,5.989658767308271
25,48,7.5470794870779025
25,49,9.522193169411015
25,50,3.6483726259012395
25,51,2.747960196383246
25,52,3.9812619826793236
25,53,5.181225493167482
25,54,15.363460297808023
25,55,5.918008551305128
25,56,13.225576193368019
25,57,5.662595080414172
25,58,5.473811275250221
25,59,8.007742655285194
25,60,5.8898451844044795
25,61,21.99464516741138
25,62,11.024844626793529
25,63,10.998371224911423
26,1,6.837129717268999
26,2,14.274440513130731
26,3,26.81782480293003
26,4,11.486632308635262
26,5,6.0390705193464145
26,6,8.618146813528435
26,7,19.637589603792428
26,8,45.436680440122544
26,9,11.501689404955005
26,11,43.30517872483272
26,12,27.574020200999716
26,13,8.534684140387101
26,14,7.155770008894624
26,15,7.987284846875991
26,16,30.264707458772882
26,17,7.708127846215189
27,1,26.68303976343222
28,1,76.66409663325624
29,1,7.1181495844075195
30,1,37.82708813062591
30,2,45.0500189945549
31,1,74.96947130153735
32,1,46.394105246871796
33,1,57.64772215446019
33,2,36.68970439867402
2,16,4.951558183423137
14,1,86.39912527751916
23,1,87.80370469485572
26,10,90.4270152931291
33,3,87.16775794540617
33,4,83.58378085431345
